customerid,name,phone,email,address,region,postalzip,country,createdat,updatedat
1,Genevieve Trevino,1-394-354-2458,gravida.aliquam@icloud.ca,749-727 Aliquam Rd.,Zamboanga Peninsula,5377 SH,Italy,2022-12-14T00:07:02.407Z,2022-12-21T14:08:36.464Z
2,Amos Dyer,1-277-725-1145,consequat.dolor.vitae@yahoo.couk,Ap #984-2094 Nulla. Ave,Västra Götalands län,392910,Russian Federation,2023-02-28T10:06:36.354Z,2023-03-05T18:06:37.369Z
3,Leslie Rollins,1-584-147-6573,nunc.sed@aol.net,366-8487 Pede. Street,Trøndelag,X1V 4CC,Austria,2023-02-13T02:06:10.388Z,2023-02-24T20:07:47.418Z
4,Seth Cobb,1-718-852-4407,metus.urna@outlook.ca,1578 Morbi Rd.,East Region,M8C 5VY,Russian Federation,2023-02-14T00:05:52.401Z,2023-02-20T14:07:14.481Z
5,Joelle Hinton,1-345-582-3296,est.ac@hotmail.couk,688-9482 Tincidunt Rd.,Luxemburg,17332,India,2022-12-20T22:06:36.382Z,2022-12-31T00:06:38.439Z
6,Carl Dillon,1-630-877-4651,odio.etiam.ligula@google.org,"Ap #142-2122 In, Street",Östergötlands län,16698,Netherlands,2023-02-26T16:06:31.37Z,2023-03-07T21:06:32.449Z
7,Porter Stanton,1-232-227-5773,phasellus@outlook.couk,6954 Aenean St.,Tuyên Quang,8191,Ukraine,2023-02-19T13:06:27.363Z,2023-02-24T20:07:37.372Z
8,Silas Zamora,1-888-587-2925,per.inceptos@yahoo.net,9068 Adipiscing Road,Luxemburg,39226396,Brazil,2023-02-22T10:06:03.376Z,2023-03-06T02:07:29.392Z
9,Zephr Soto,1-557-403-3924,et@protonmail.ca,Ap #791-5443 Ac Ave,Limpopo,37257,Sweden,2022-12-13T16:06:12.369Z,2022-12-25T20:07:00.428Z
10,Alfonso Mcbride,1-426-567-2754,ultricies.ligula.nullam@protonmail.net,"P.O. Box 120, 3949 Leo, Rd.",North Island,4751-5554,France,2023-02-11T02:05:55.379Z,2023-02-19T09:06:00.4Z
11,Carol White,1-192-246-3106,porttitor.scelerisque.neque@icloud.edu,Ap #345-4585 Luctus Rd.,Saint Petersburg City,57565,France,2023-01-24T07:06:21.325Z,2023-02-02T10:07:55.385Z
12,Mia Cox,1-613-574-1226,nibh@protonmail.couk,"P.O. Box 192, 541 Dui Road",Leinster,46345,Sweden,2023-02-22T02:05:23.33Z,2023-02-26T09:06:42.393Z
13,Constance Foley,1-844-307-7859,lobortis.tellus@outlook.couk,Ap #817-4882 Odio. Rd.,Västra Götalands län,14446,India,2023-02-02T15:06:06.381Z,2023-02-09T14:06:51.436Z
14,Shea Pena,1-368-722-5956,amet.consectetuer@outlook.couk,206-899 Hendrerit. Avenue,Tyrol,21247,Norway,2023-02-19T21:06:27.33Z,2023-02-23T19:07:48.4Z
15,Lunea Cummings,1-832-430-8286,imperdiet.ullamcorper.duis@protonmail.couk,4549 Faucibus. Ave,North Island,843526,Colombia,2023-01-08T15:05:23.352Z,2023-01-17T07:06:33.395Z
16,Frances Burton,1-735-496-2741,dapibus.gravida@outlook.couk,634-1387 Posuere Avenue,Smolensk Oblast,75783-468,India,2023-01-21T00:06:14.369Z,2023-01-27T21:06:45.379Z
17,Nolan Pace,1-576-770-9527,eu.metus@protonmail.org,"P.O. Box 651, 6738 Diam. St.",Salzburg,78888,Turkey,2023-01-13T15:06:31.323Z,2023-01-23T18:06:32.368Z
18,Hilary Solis,1-262-420-5629,etiam.bibendum@hotmail.com,122 Mus. Rd.,South Australia,3514,United Kingdom,2022-12-18T20:06:42.399Z,2022-12-29T13:07:13.472Z
19,May Santiago,1-275-725-5073,ultrices.posuere@icloud.com,Ap #737-4593 Lectus Rd.,Namen,27477,Russian Federation,2023-02-15T13:06:40.352Z,2023-02-17T07:07:01.377Z
20,Idola Bean,1-733-113-6191,amet@icloud.couk,Ap #667-6059 Ligula St.,Västra Götalands län,25080-039,Costa Rica,2022-12-09T19:05:43.386Z,2022-12-18T08:05:47.447Z
21,Brittany Cunningham,1-976-593-4444,a.odio@icloud.ca,370 Mauris Rd.,Luhansk oblast,866083,Ukraine,2023-01-25T07:05:42.331Z,2023-01-26T15:06:40.366Z
22,Kellie Ramsey,1-551-820-3437,vel.turpis.aliquam@icloud.couk,"P.O. Box 107, 8688 Faucibus Street",Schleswig-Holstein,SU8 3FE,New Zealand,2023-01-04T02:05:48.361Z,2023-01-06T14:07:05.379Z
23,Indigo Miranda,1-682-790-1702,ultrices.a@yahoo.net,298-4551 Quisque Av.,Pará,65-218,South Korea,2023-02-02T16:06:38.362Z,2023-02-15T10:06:42.372Z
24,Rhiannon Farrell,1-677-414-7254,eget.mollis@outlook.edu,"P.O. Box 331, 2786 Urna. St.",Balochistan,b7B 4E1,Spain,2023-03-07T20:05:23.378Z,2023-03-10T09:05:31.413Z
25,Tarik Snider,1-496-543-7464,ultrices.duis.volutpat@hotmail.org,937-6030 Nisl. Av.,Saarland,55158,South Africa,2023-03-08T11:06:00.408Z,2023-03-12T00:06:01.495Z
26,Honorato Strickland,1-433-787-7323,mi.fringilla@icloud.edu,869-898 Velit. St.,Quebec,93492,Ukraine,2022-12-13T23:06:15.32Z,2022-12-22T18:06:42.378Z
27,Candace Newman,1-663-562-4527,sem.egestas@hotmail.couk,Ap #693-998 Sed St.,Leinster,971434,United Kingdom,2022-12-08T13:06:51.374Z,2022-12-20T14:06:58.422Z
28,Ignatius Juarez,1-281-761-7161,et@hotmail.couk,835-4341 Vestibulum Rd.,Waals-Brabant,780842,Ukraine,2023-03-13T17:06:54.356Z,2023-03-20T16:08:25.402Z
29,Robin Howard,1-277-481-6505,et.netus@yahoo.net,941-7168 Ligula. St.,North West,22566,China,2023-01-08T01:06:03.368Z,2023-01-14T20:06:26.37Z
30,Micah Mcgee,1-808-860-4014,odio.sagittis.semper@aol.couk,"P.O. Box 548, 1968 Ante Avenue",Chandigarh,36533869,United States,2023-01-02T20:06:14.397Z,2023-01-09T05:07:17.482Z
31,Murphy Carney,1-207-552-7765,lacus.pede@icloud.com,8612 Vitae Av.,Dōngběi,9276,Norway,2022-12-27T12:05:41.397Z,2023-01-06T19:05:57.415Z
32,Haley Mayer,1-762-772-8681,ut.semper@protonmail.couk,"P.O. Box 425, 6192 At Ave",Victoria,62-82,Netherlands,2023-03-14T00:05:50.356Z,2023-03-23T15:05:52.443Z
33,Wayne Powers,1-995-672-9554,vestibulum.nec@icloud.ca,Ap #291-8688 In St.,Rio Grande do Sul,5951 CZ,Ukraine,2023-02-18T05:05:36.35Z,2023-02-28T06:05:37.358Z
34,Brody Benjamin,1-567-925-4648,convallis.ligula@icloud.net,"P.O. Box 403, 5541 Arcu. St.",Noord Holland,65212,Peru,2023-02-21T16:05:52.373Z,2023-02-25T13:06:45.41Z
35,Francis Pratt,1-743-467-8504,commodo.ipsum@protonmail.ca,5147 Phasellus Ave,East Region,11290,Nigeria,2022-12-07T10:06:48.37Z,2022-12-10T23:07:22.437Z
36,Raja Bernard,1-354-265-0724,nec.tempus@protonmail.couk,Ap #548-1655 Lacus Street,Oyo,A1S 0X7,Philippines,2023-02-13T04:06:14.321Z,2023-02-16T17:06:20.373Z
37,Xenos Castaneda,1-923-744-3147,consequat.enim.diam@outlook.net,Ap #353-9749 Commodo Rd.,Kahramanmaraş,1254-8915,Russian Federation,2022-12-16T19:06:32.324Z,2022-12-21T06:07:52.354Z
38,Zeph Black,1-507-245-7254,non.enim.mauris@hotmail.org,247-2561 Mus. Road,Västra Götalands län,448605,South Korea,2023-01-19T03:06:39.399Z,2023-01-31T14:08:08.436Z
39,Ryan Roach,1-464-781-5833,vulputate.ullamcorper@protonmail.edu,Ap #124-4703 Malesuada Rd.,Lower Austria,55053,South Korea,2023-01-17T21:06:29.32Z,2023-01-30T14:06:41.328Z
40,Hedley Terry,1-333-936-2654,lorem.auctor@yahoo.ca,104-7238 Tortor. Rd.,Puntarenas,608778,Pakistan,2023-01-13T04:05:36.385Z,2023-01-23T23:05:40.43Z
41,Hollee Atkins,1-758-653-6396,natoque.penatibus.et@outlook.com,662-7592 Nonummy Street,Kogi,309571,China,2022-12-17T21:06:36.324Z,2022-12-25T00:08:02.422Z
42,Ferris Nash,1-846-809-9380,fusce.fermentum@google.couk,"P.O. Box 513, 662 Ultricies Road",Queensland,1098,Spain,2023-01-04T17:05:51.398Z,2023-01-12T10:06:08.468Z
43,Sage Francis,1-698-436-2225,proin@yahoo.net,928-8428 Semper St.,Lampung,7840 YT,Colombia,2023-03-05T18:06:57.403Z,2023-03-13T16:07:25.479Z
44,Keely Mccarthy,1-557-880-9789,tristique.senectus@aol.org,"P.O. Box 432, 6899 Accumsan Rd.",Luxemburg,7542,France,2023-03-08T05:05:59.346Z,2023-03-19T03:07:29.433Z
45,Tanya Hughes,1-452-856-4843,odio@aol.org,"P.O. Box 591, 2550 Ullamcorper. Rd.",Nuevo León,246429,New Zealand,2023-02-13T02:07:00.373Z,2023-02-21T18:07:31.428Z
46,Lawrence Hodges,1-974-145-7293,ultricies.ligula@protonmail.com,"209-9448 Amet, St.",Illinois,8944,China,2023-01-10T13:05:39.33Z,2023-01-16T10:06:41.336Z
47,Hakeem Hines,1-313-516-1477,cursus.in.hendrerit@yahoo.couk,186-1460 Ut St.,South Chungcheong,3214,Spain,2023-01-04T07:05:47.321Z,2023-01-13T20:05:51.356Z
48,Keaton Hester,1-767-858-5219,malesuada.fames@protonmail.ca,"759-2527 Quis, St.",Provence-Alpes-Côte d'Azur,65853,Pakistan,2023-02-28T13:06:40.39Z,2023-03-10T03:06:41.425Z
49,Shafira Mann,1-962-374-4628,magna@icloud.com,Ap #998-5063 Neque Rd.,Lazio,53861,Indonesia,2022-12-07T04:05:37.343Z,2022-12-17T23:05:47.411Z
50,Hall Rojas,1-819-216-5535,fermentum.metus@google.org,Ap #396-2646 Tincidunt Road,North Island,94-98,Netherlands,2022-12-16T10:05:40.374Z,2022-12-26T12:06:05.447Z
51,Clinton Wilkerson,1-191-226-4336,in.ornare@aol.edu,"Ap #275-5935 Nunc, Rd.",Montana,824248,Brazil,2022-12-31T20:06:46.4Z,2023-01-11T20:07:27.493Z
52,Stacy Turner,1-966-967-7383,sociis.natoque@google.org,Ap #358-6624 Posuere Road,Hessen,2547,Russian Federation,2023-02-19T14:06:44.327Z,2023-02-24T14:07:18.39Z
53,Alexis Skinner,1-851-561-4153,ut.cursus@icloud.org,Ap #115-5605 Sit St.,Lubuskie,301054,Mexico,2023-02-20T11:06:04.378Z,2023-02-24T18:06:10.409Z
54,Macaulay Lawson,1-875-577-9586,nonummy.ut@yahoo.edu,487-3086 Dui. Street,Basilicata,74716-820,Poland,2023-02-02T04:06:53.337Z,2023-02-09T01:08:05.42Z
55,Noah Dudley,1-603-217-5524,dictum.augue@icloud.com,"Ap #490-2510 Vulputate, Street",Vladimir Oblast,3945,South Korea,2023-02-20T19:05:30.402Z,2023-03-02T03:06:27.453Z
56,Declan Leonard,1-437-395-4691,ultrices.posuere.cubilia@outlook.org,"P.O. Box 850, 2631 Diam Road",Illinois,443836,Italy,2022-12-13T18:06:50.4Z,2022-12-21T14:07:36.476Z
57,Cameron O'Neill,1-604-485-1741,sit.amet@hotmail.com,"197-2810 Ut, Street",Molise,37-246,India,2023-01-16T15:06:13.32Z,2023-01-22T05:06:29.359Z
58,Nash Stafford,1-515-405-2418,proin.dolor@outlook.org,Ap #776-462 Inceptos Avenue,Leinster,968051,Belgium,2023-03-08T17:06:38.364Z,2023-03-13T16:07:30.423Z
59,Erich Wilkinson,1-285-708-6677,integer@outlook.couk,178-7942 Magna. Rd.,Gangwon,53053,Netherlands,2023-01-01T10:06:05.364Z,2023-01-12T10:06:15.429Z
60,Aline King,1-382-222-6728,urna.nullam.lobortis@outlook.couk,143-9886 Arcu. Road,Kayseri,201657,Colombia,2022-12-29T13:05:45.323Z,2023-01-08T22:06:01.331Z
61,Hamilton Hutchinson,1-866-120-1657,mauris.non.dui@aol.net,Ap #670-2498 Erat Av.,Araucanía,8624,Chile,2023-01-10T01:05:33.347Z,2023-01-19T13:05:46.414Z
62,Cooper Bennett,1-982-466-9443,nulla.vulputate@aol.org,"P.O. Box 694, 8643 Gravida. Road",Paraná,37525-47869,Philippines,2023-03-15T21:06:01.318Z,2023-03-19T01:07:31.406Z
63,Robert Jones,1-618-205-8174,laoreet.ipsum@aol.edu,"P.O. Box 225, 7402 Vestibulum Rd.",Atlántico,6572,Mexico,2023-03-07T16:05:56.396Z,2023-03-11T09:06:34.471Z
64,Addison Banks,1-681-839-7883,quis.pede@icloud.com,"P.O. Box 936, 2364 Leo. St.",New South Wales,5711,Netherlands,2023-01-07T11:05:32.374Z,2023-01-15T08:06:58.454Z
65,Baker Guy,1-838-854-3366,mauris@aol.edu,6538 Egestas St.,Brandenburg,96847,New Zealand,2023-01-23T00:06:09.337Z,2023-02-02T16:06:41.379Z
66,Reed Hurley,1-346-278-8949,lorem.ut@aol.net,7569 Ipsum Ave,Benue,63351-14754,New Zealand,2023-02-17T06:05:52.316Z,2023-02-24T01:06:11.411Z
67,Jolene Newman,1-302-659-7904,pede.cras@google.org,Ap #413-2812 Natoque Avenue,Vorarlberg,5184 TP,Nigeria,2023-03-07T23:05:32.364Z,2023-03-14T06:06:42.393Z
68,Leroy Welch,1-911-581-8458,eu@google.org,9429 Phasellus Av.,Diyarbakır,75838,Costa Rica,2023-02-20T15:05:25.35Z,2023-02-26T20:06:29.446Z
69,Caldwell Hyde,1-846-368-7706,nullam.scelerisque@outlook.ca,2422 Lorem Ave,Derbyshire,680745,South Korea,2023-03-06T13:06:50.351Z,2023-03-15T20:08:05.433Z
70,Ivan Tucker,1-858-630-9036,lacus.cras@protonmail.couk,Ap #796-4718 Praesent Rd.,Maranhão,6317 FR,Spain,2022-12-18T01:06:51.396Z,2022-12-27T21:08:11.438Z
71,Orlando Sykes,1-753-645-2525,augue.scelerisque@protonmail.net,"P.O. Box 843, 3837 At, Ave",Munster,402164,Poland,2023-01-23T15:05:55.328Z,2023-01-30T14:07:23.364Z
72,Brenden Griffith,1-633-345-8974,sed.nunc@yahoo.org,Ap #585-7783 Malesuada Av.,Special Region of Yogyakarta,7188,Pakistan,2023-01-29T00:05:37.338Z,2023-02-09T02:06:44.371Z
73,Warren Mcclain,1-227-744-4161,morbi.sit@outlook.com,1922 Interdum. Road,Lambayeque,60943,Indonesia,2023-02-10T17:05:34.354Z,2023-02-22T16:06:07.368Z
74,Rachel Daniels,1-881-509-2570,venenatis.lacus.etiam@aol.com,8832 Nonummy. Rd.,Lubuskie,7071,Brazil,2023-02-06T03:06:50.405Z,2023-02-13T07:06:57.45Z
75,Bruno Cleveland,1-600-317-8121,luctus@yahoo.couk,5294 In St.,Van,F1M 5QC,Nigeria,2022-12-26T16:05:43.326Z,2023-01-09T06:07:22.375Z
76,Samantha Booker,1-691-851-1158,faucibus.orci@google.ca,148-3403 Aenean Road,Southwestern Tagalog Region,8533,France,2023-03-06T09:05:33.404Z,2023-03-14T08:06:44.471Z
77,Ryan Bell,1-372-385-6022,lacus.aliquam@yahoo.org,Ap #318-7563 Tincidunt Street,Huáběi,22667,Nigeria,2023-03-05T06:05:34.327Z,2023-03-16T08:06:15.399Z
78,Lani Boone,1-964-750-2057,condimentum.eget@outlook.org,792 Aliquet St.,Principado de Asturias,21863,South Africa,2023-02-03T15:05:45.346Z,2023-02-13T10:07:05.424Z
79,Jason Moss,1-370-642-1213,egestas.sed@aol.org,"879-8522 Nec, Ave",Baden Württemberg,775855,Netherlands,2023-03-13T01:05:55.345Z,2023-03-17T21:07:26.357Z
80,Vivian Doyle,1-803-688-4721,eu.tempor@outlook.couk,"P.O. Box 459, 5895 Id, Ave",South Island,65832-867,Netherlands,2023-03-15T09:06:25.36Z,2023-03-20T21:08:04.428Z
81,Aimee Shepard,1-534-743-7273,faucibus.leo@aol.ca,200-4501 Et Rd.,Luhansk oblast,15840,Poland,2023-02-07T05:06:57.36Z,2023-02-15T13:07:26.42Z
82,Sopoline Carpenter,1-438-254-9384,ac.sem.ut@outlook.com,Ap #667-961 Enim St.,Loreto,33251,Sweden,2023-03-07T21:06:32.314Z,2023-03-14T10:06:44.39Z
83,Wendy Gillespie,1-353-623-7268,non.arcu@aol.com,Ap #815-5695 Turpis. Rd.,Calabarzon,88775,Brazil,2023-02-14T10:06:52.326Z,2023-02-20T13:07:59.339Z
84,Carter Blevins,1-486-112-9844,egestas.fusce@aol.org,302-3985 Ante. Rd.,South Island,8020,Netherlands,2022-12-15T01:06:34.315Z,2022-12-23T10:06:43.41Z
85,Marny Albert,1-463-327-2380,pellentesque.eget.dictum@hotmail.org,"Ap #312-5909 Sem, Rd.",Heredia,386663,Mexico,2023-03-05T11:06:56.314Z,2023-03-16T08:07:40.348Z
86,Edward Sharpe,1-440-354-8452,nulla@hotmail.edu,869-878 Orci. Street,Khyber Pakhtoonkhwa,26794,United States,2022-12-22T06:06:33.358Z,2023-01-01T10:07:02.386Z
87,Shannon Clay,1-765-633-3789,at.velit@yahoo.edu,Ap #226-838 Vitae Rd.,Punjab,97-398,South Africa,2023-02-26T19:06:39.363Z,2023-03-05T17:07:48.368Z
88,Benedict English,1-180-936-7127,semper.rutrum.fusce@icloud.couk,"421-2236 At, Road",North-East Region,783953,Pakistan,2022-12-30T02:06:34.356Z,2023-01-02T12:07:19.45Z
89,Jane Roberson,1-693-527-9520,enim.condimentum@outlook.net,"P.O. Box 895, 3721 Fusce Street",Thái Nguyên,E88 0RN,Ireland,2022-12-07T03:06:48.399Z,2022-12-14T06:07:20.471Z
90,Clark Matthews,1-534-243-1512,pharetra.nibh@outlook.com,Ap #356-8709 Ante. St.,Hải Phòng,3452,South Korea,2023-01-25T19:06:24.399Z,2023-02-03T06:06:38.421Z
91,Destiny Snow,1-248-674-1545,pede.malesuada.vel@protonmail.com,Ap #916-4651 Purus Av.,Karnataka,9265,Indonesia,2023-03-05T20:06:14.385Z,2023-03-15T09:07:44.48Z
92,Susan Mack,1-735-827-1031,eget.mollis@hotmail.org,935-3199 Mauris St.,South Chungcheong,28887,Canada,2023-02-07T23:06:39.382Z,2023-02-17T16:07:34.462Z
93,Ruby Rose,1-587-417-8724,purus.gravida.sagittis@aol.couk,Ap #483-4316 Eleifend Rd.,Araucanía,248823,South Africa,2022-12-20T08:06:39.318Z,2022-12-26T07:06:48.375Z
94,Eve Ryan,1-560-645-6351,aliquet.sem@protonmail.com,"P.O. Box 865, 2776 Dictum Ave",Castilla y León,8846,Colombia,2023-02-01T13:06:07.366Z,2023-02-09T23:07:32.401Z
95,Deacon Nash,1-263-126-1615,magna.tellus@hotmail.couk,8841 Euismod Road,Sląskie,PB1N 0GW,Costa Rica,2022-12-27T08:06:20.378Z,2023-01-04T07:07:34.455Z
96,Alec Golden,1-401-263-4979,quisque.libero.lacus@icloud.edu,Ap #776-7885 Dis St.,Warmińsko-mazurskie,855391,Austria,2023-03-10T05:05:44.37Z,2023-03-13T13:05:53.461Z
97,Erin Kane,1-722-475-8853,senectus.et@icloud.couk,Ap #331-5864 Iaculis Rd.,Metropolitana de Santiago,8757,Turkey,2023-01-26T00:06:42.403Z,2023-01-28T20:07:24.487Z
98,Joseph Mcknight,1-216-488-6781,duis.mi.enim@outlook.org,Ap #683-8648 Mauris Rd.,Lambayeque,8284,Sweden,2023-03-02T06:06:18.348Z,2023-03-14T13:07:47.42Z
99,Jack Christian,1-463-204-2086,nulla.tincidunt.neque@outlook.ca,794-2125 Donec Rd.,Western Australia,4110,Costa Rica,2023-02-18T23:06:58.313Z,2023-02-27T14:08:06.368Z
100,Quentin Lawson,1-954-886-7071,dui@aol.com,4921 Dolor Ave,Iowa,29825,Peru,2022-12-24T00:05:53.353Z,2023-01-02T21:07:13.394Z
101,Shay Burnett,1-454-750-3243,fringilla.porttitor.vulputate@outlook.couk,"170-5454 Ullamcorper, Street",Prince Edward Island,546397,Italy,2023-02-07T17:06:25.347Z,2023-02-12T02:06:36.408Z
102,Patrick Cooper,1-572-634-5636,quam@hotmail.couk,"620-8453 Mauris, Street",Arauca,11836,Australia,2022-12-18T16:06:12.317Z,2022-12-25T18:07:40.404Z
103,Charissa Hobbs,1-154-864-2763,aliquam.vulputate@outlook.net,Ap #778-2356 Molestie Ave,Central Luzon,16-865,Poland,2023-03-13T21:06:59.371Z,2023-03-24T17:07:15.388Z
104,Kitra Huber,1-322-815-5342,interdum.curabitur@hotmail.couk,910-6287 Nam Rd.,Viken,45012,France,2023-02-22T17:06:44.334Z,2023-03-01T08:08:24.417Z
105,Pascale Meadows,1-825-604-1304,aliquet.nec.imperdiet@hotmail.com,"P.O. Box 183, 146 Ligula Street",Coquimbo,87324,Canada,2022-12-29T00:06:25.329Z,2023-01-01T04:07:41.336Z
106,Shelley Kelly,1-686-980-8413,enim.condimentum@aol.com,558-9939 Duis Street,Gia Lai,605334,Costa Rica,2023-02-12T12:05:48.387Z,2023-02-17T19:06:14.45Z
107,Sybil Wells,1-857-201-3540,accumsan.interdum@yahoo.couk,3484 Donec Av.,Puno,22284,Turkey,2022-12-15T20:05:35.34Z,2022-12-21T17:06:14.39Z
108,Fuller Gregory,1-714-531-1642,vulputate.ullamcorper.magna@yahoo.couk,"P.O. Box 300, 5359 Adipiscing Street",Huntingdonshire,7617,Germany,2023-03-05T08:06:12.324Z,2023-03-16T05:06:22.339Z
109,Leila Simpson,1-315-587-9325,orci.donec.nibh@protonmail.com,"Ap #584-1160 Vel, Rd.",Cajamarca,16154,Norway,2022-12-28T11:06:56.34Z,2023-01-03T13:07:20.398Z
110,Maggie Hood,1-861-996-3883,ornare.elit.elit@hotmail.edu,Ap #784-572 Vel St.,Assam,50-355,Turkey,2022-12-09T08:05:50.402Z,2022-12-14T18:06:49.426Z
111,Abbot Hewitt,1-368-851-1912,mauris.a.nunc@yahoo.couk,Ap #438-2258 Libero Rd.,North Island,31477-45980,Sweden,2023-02-25T01:05:42.347Z,2023-02-28T17:07:04.431Z
112,Ariana Alford,1-161-453-3634,nisi.a@outlook.edu,796-3211 Est. St.,Warmińsko-mazurskie,85880-51457,Pakistan,2023-01-06T19:05:42.36Z,2023-01-11T09:06:52.393Z
113,Price Parrish,1-791-883-0746,donec.fringilla@aol.org,"288-8861 Vitae, St.",Gävleborgs län,334104,Canada,2022-12-12T03:06:52.365Z,2022-12-13T06:08:03.418Z
114,Bruce Ramos,1-718-484-2727,morbi@outlook.ca,Ap #911-6491 Vel Rd.,Lai Châu,2828,United States,2023-01-14T01:05:32.315Z,2023-01-21T16:06:56.365Z
115,Jeanette Mccall,1-154-473-7495,ante.ipsum.primis@yahoo.com,994-3395 Pharetra Avenue,North Island,737549,Costa Rica,2022-12-18T06:06:09.384Z,2022-12-20T04:07:26.456Z
116,Jordan Kramer,1-282-538-5645,euismod@hotmail.com,1046 Magna. St.,Namen,52585,South Africa,2023-02-26T12:05:49.337Z,2023-03-02T04:06:15.418Z
117,Hollee Shelton,1-315-359-6681,quisque.purus@outlook.com,105-1582 Vivamus St.,Punjab,07115-44793,New Zealand,2023-02-24T18:06:57.411Z,2023-02-26T17:07:30.465Z
118,Yardley Frye,1-872-628-4511,consectetuer@google.net,Ap #127-1809 Enim St.,Ulster,5432 XI,Russian Federation,2023-02-02T22:06:48.382Z,2023-02-09T07:07:14.432Z
119,Ramona Harding,1-965-693-2656,tristique.senectus@icloud.couk,Ap #873-9391 Egestas Rd.,Lambayeque,36-13,Peru,2023-01-22T01:06:12.401Z,2023-02-02T07:06:18.422Z
120,Shoshana Poole,1-656-498-7588,erat.semper@outlook.ca,"2397 Tempus, Street",Utrecht,18667,Colombia,2022-12-19T01:06:23.36Z,2022-12-29T19:07:43.426Z
121,Harrison Jennings,1-841-119-2874,eget.laoreet@outlook.com,"P.O. Box 824, 7127 Aliquet. Rd.",Central Region,56873,United States,2023-01-20T22:06:01.38Z,2023-01-23T10:07:32.452Z
122,Regina Franco,1-407-963-1764,felis.donec@yahoo.com,Ap #695-1360 Mauris. Avenue,San José,2616,Australia,2023-01-15T13:05:58.372Z,2023-01-26T13:06:21.4Z
123,Clio Medina,1-558-789-5236,vestibulum.ante.ipsum@google.net,9765 Turpis Av.,Khyber Pakhtoonkhwa,1382,Spain,2023-02-28T18:06:46.402Z,2023-03-07T13:07:29.436Z
124,Theodore Cooley,1-659-145-3493,penatibus.et@aol.net,"P.O. Box 165, 1293 Tristique Road",South Jeolla,2426,Vietnam,2022-12-24T01:06:28.383Z,2023-01-03T21:06:31.473Z
125,Karly Powers,1-322-653-8256,ipsum.primis@google.ca,132-8406 Cursus St.,Saskatchewan,45796-58465,Netherlands,2023-01-23T03:05:49.394Z,2023-01-31T05:05:50.445Z
126,Rosalyn Sosa,1-482-222-2157,eu.eros@protonmail.org,"P.O. Box 248, 562 Lacus. Ave",Zeeland,363652,Brazil,2023-02-22T05:06:46.367Z,2023-03-02T05:06:59.449Z
127,Dorothy Puckett,1-871-903-0773,nec@aol.com,Ap #220-1183 Pulvinar St.,Delhi,W0 9CY,Belgium,2022-12-16T19:05:46.359Z,2022-12-25T23:05:47.458Z
128,Xenos Key,1-638-443-0512,nam.nulla@aol.ca,245-4739 Hendrerit St.,Xīběi,8834-2177,Mexico,2023-01-18T06:05:50.36Z,2023-01-23T12:06:38.391Z
129,Quinn Solis,1-776-576-6485,facilisi.sed@aol.ca,"849-9040 Montes, Rd.",Lampung,325483,Canada,2023-02-12T00:06:21.372Z,2023-02-16T15:07:28.457Z
130,Rylee Cox,1-818-162-3576,ut.tincidunt@outlook.org,Ap #470-4623 Tincidunt Ave,Voronezh Oblast,4638,Costa Rica,2023-01-17T23:06:53.378Z,2023-01-27T03:07:23.4Z
131,Boris Irwin,1-882-733-3655,magna.tellus@yahoo.org,239-7491 Ac Street,Västra Götalands län,6444,Pakistan,2023-01-02T02:06:03.329Z,2023-01-03T11:06:39.395Z
132,Beck Bradshaw,1-745-816-3173,ipsum.dolor.sit@google.net,"P.O. Box 645, 2155 Ipsum Av.",Västra Götalands län,212323,Netherlands,2023-01-28T06:05:29.333Z,2023-02-02T06:06:34.417Z
133,Galvin Dickerson,1-664-528-3709,integer.aliquam@protonmail.com,647 Amet Rd.,Ontario,95744,Chile,2023-02-02T20:05:56.341Z,2023-02-08T00:07:36.39Z
134,Bradley Velazquez,1-961-936-6084,aliquet@icloud.org,"P.O. Box 189, 285 Curabitur Rd.",Xīnán,2178,Vietnam,2023-03-08T04:06:30.406Z,2023-03-17T09:08:00.476Z
135,Aaron Hunter,1-780-573-7835,dolor@aol.org,"P.O. Box 976, 2352 Dolor Street",Zuid Holland,8448,Costa Rica,2023-01-09T20:06:17.401Z,2023-01-14T02:07:28.418Z
136,Hannah Morton,1-849-546-8528,ac@aol.ca,2404 Fringilla Street,South Gyeongsang,467479,South Korea,2023-02-07T10:06:06.41Z,2023-02-13T21:07:04.494Z
137,Madaline Castaneda,1-673-578-4022,adipiscing@outlook.net,8678 Malesuada Street,Nordland,46326,Norway,2023-03-10T09:06:50.346Z,2023-03-16T11:08:23.419Z
138,Yoko Frye,1-836-444-8195,lacinia.vitae.sodales@hotmail.com,8074 Fermentum Rd.,North-East Region,4857,Poland,2023-01-20T02:05:46.345Z,2023-02-01T02:06:42.402Z
139,Suki Williams,1-700-227-3449,feugiat.tellus@outlook.net,740-6494 Elit. Road,Sussex,8847,Singapore,2023-03-01T02:06:33.411Z,2023-03-14T14:07:23.507Z
140,Guinevere Rice,1-834-872-6215,ipsum@icloud.org,5877 Nisl Avenue,Yukon,4241,Indonesia,2023-02-07T05:06:43.388Z,2023-02-16T15:07:22.485Z
141,Harlan Meyer,1-912-832-7186,diam.duis@hotmail.couk,"P.O. Box 628, 4242 A Ave",Östergötlands län,50601,Belgium,2023-03-11T01:06:01.384Z,2023-03-15T22:07:33.475Z
142,Raymond Jordan,1-208-721-8874,tincidunt@google.net,370-3797 Convallis Ave,Calabarzon,228741,India,2023-02-21T08:06:02.374Z,2023-03-05T02:06:43.459Z
143,Tiger Cochran,1-926-443-1653,ligula.aenean@google.org,1218 Et Rd.,Kaduna,56752,Chile,2023-02-04T11:06:01.406Z,2023-02-15T19:07:20.479Z
144,Brady Fox,1-472-647-9418,pharetra@icloud.org,598-6487 Dignissim Ave,Alberta,11664,Brazil,2022-12-17T09:06:01.386Z,2022-12-22T19:06:33.445Z
145,Holly Thompson,1-755-715-9707,eu@icloud.couk,1616 Facilisis Rd.,Victoria,11925-44976,South Africa,2023-01-20T12:06:46.397Z,2023-01-29T11:07:35.462Z
146,Dai Singleton,1-768-770-7844,risus.donec@google.couk,Ap #280-9409 Feugiat Road,Zamboanga Peninsula,84-288,Russian Federation,2023-03-06T19:06:45.343Z,2023-03-15T18:07:23.416Z
147,Kaseem Rowland,1-209-868-8767,sed.facilisis@google.edu,2536 Aliquam St.,Cartago,8576-5132,France,2023-02-16T21:06:00.39Z,2023-02-22T05:06:19.404Z
148,Zachary Knight,1-424-237-7410,risus.donec@icloud.net,365-7047 Et St.,Innlandet,14456,Ukraine,2023-03-04T03:05:31.384Z,2023-03-14T03:06:18.437Z
149,Guy Livingston,1-552-746-3129,litora.torquent.per@hotmail.com,505-192 Felis Avenue,South Island,785189,Colombia,2023-03-14T01:06:48.381Z,2023-03-16T10:07:28.417Z
150,Tasha Walters,1-874-485-1557,orci@google.ca,587-3075 Per Street,Berwickshire,11453,Costa Rica,2022-12-20T13:06:10.346Z,2022-12-29T12:06:29.365Z
151,Kasimir Colon,1-651-853-3338,scelerisque@outlook.couk,"P.O. Box 686, 7574 A, Avenue",Queensland,98135-27275,Netherlands,2023-03-06T02:06:45.375Z,2023-03-08T15:08:16.386Z
152,Devin O'donnell,1-903-364-6112,ornare.libero@icloud.edu,993-4178 Ultrices Ave,Ontario,355182,South Korea,2023-01-30T09:06:26.326Z,2023-02-07T03:06:39.375Z
153,Stephanie Stone,1-433-510-8461,fusce.dolor.quam@outlook.edu,668-9609 Aenean St.,Hessen,8489,Italy,2023-01-13T03:06:49.32Z,2023-01-19T13:07:52.335Z
154,Stone Cooley,1-558-694-0604,libero@icloud.net,"547-8996 Sed, St.",Upper Austria,685288,United Kingdom,2023-02-24T02:06:18.375Z,2023-03-07T15:07:12.399Z
155,Amity Rodgers,1-554-338-4644,amet.ornare@hotmail.ca,2147 Metus Ave,Upper Austria,B3S 5S3,Nigeria,2023-01-17T05:06:55.36Z,2023-01-21T20:07:29.447Z
156,Leonard Whitehead,1-814-476-3274,eget.nisi@protonmail.couk,"P.O. Box 819, 904 Elementum Rd.",Noord Brabant,57581-38017,Canada,2022-12-10T05:06:09.387Z,2022-12-16T23:06:27.431Z
157,Mira Morse,1-729-206-4275,nonummy.fusce@outlook.edu,"P.O. Box 413, 3665 Iaculis, St.",Ulster,38275,Italy,2023-01-17T19:05:32.346Z,2023-01-25T02:06:19.4Z
158,Rahim Gilbert,1-255-401-5484,purus.accumsan.interdum@icloud.com,Ap #117-340 Nulla. Ave,Katsina,5405,Russian Federation,2023-02-12T07:05:36.375Z,2023-02-23T22:06:11.395Z
159,Karen Rogers,1-447-438-7681,fringilla.cursus.purus@aol.ca,310 Semper Street,North-East Region,12130,South Korea,2023-01-07T08:05:32.314Z,2023-01-12T23:05:49.409Z
160,Orson Alford,1-334-637-8338,tincidunt.nibh@yahoo.org,440-9857 Pede. St.,Lower Austria,8090,Netherlands,2023-01-25T12:05:41.411Z,2023-02-02T11:07:13.478Z
161,Brittany Graves,1-369-560-2485,phasellus.libero.mauris@yahoo.couk,Ap #191-8390 Vehicula Street,Puntarenas,627227,New Zealand,2023-01-16T11:05:35.402Z,2023-01-22T17:06:38.449Z
162,Slade Thornton,1-615-354-5235,proin.ultrices@aol.net,4430 Nisi. Street,Møre og Romsdal,94001,Canada,2022-12-18T04:05:53.319Z,2022-12-23T01:06:16.365Z
163,Urielle Guerrero,1-980-841-2251,sapien.gravida@aol.couk,4141 Quam Ave,Galicia,644663,New Zealand,2023-02-10T03:06:15.33Z,2023-02-12T04:07:50.388Z
164,Hector Hoover,1-403-398-1836,nunc@hotmail.couk,1010 Cras Rd.,Lạng Sơn,747028,United Kingdom,2023-03-02T02:05:47.374Z,2023-03-11T04:06:24.422Z
165,Curran Cooke,1-651-618-8410,ligula@google.ca,"751-6258 Est, Road",Clackmannanshire,16235,Netherlands,2022-12-17T11:05:32.407Z,2022-12-22T12:05:53.507Z
166,Hiroko Brewer,1-125-609-5956,vitae.posuere@protonmail.org,4734 Ultricies St.,Connecticut,28526,Germany,2023-03-03T00:06:40.353Z,2023-03-07T15:08:00.412Z
167,Orla Sears,1-217-833-8066,ac@aol.com,"P.O. Box 713, 6498 Pharetra Road",Metropolitana de Santiago,3521,India,2022-12-24T06:06:32.342Z,2022-12-30T18:07:39.378Z
168,Belle Chase,1-426-766-5267,torquent.per.conubia@outlook.couk,Ap #923-9667 Mattis. St.,Luhansk oblast,19708,Poland,2023-01-10T23:05:23.361Z,2023-01-20T19:06:16.382Z
169,Adrian Peters,1-777-617-9333,odio@protonmail.com,Ap #223-1221 Libero. Ave,Tarapacá,54118,Poland,2022-12-21T20:05:43.393Z,2022-12-31T19:06:10.426Z
170,Daquan Moses,1-469-431-2431,eget.ipsum.donec@icloud.org,"P.O. Box 906, 8717 Accumsan Rd.",Ulster,27311,Ukraine,2023-01-10T04:06:45.382Z,2023-01-19T14:06:55.437Z
171,Abdul Brady,1-803-613-7015,non.nisi.aenean@outlook.ca,Ap #269-4297 Enim Ave,Aisén,99317,Singapore,2022-12-17T23:06:32.376Z,2022-12-22T05:06:49.442Z
172,Malik Morse,1-851-328-4402,integer.mollis@google.org,3950 Faucibus Rd.,Viken,22178,Germany,2023-02-13T01:06:18.344Z,2023-02-21T08:07:26.429Z
173,Addison Travis,1-631-822-4346,per.conubia@google.couk,864-2666 Fusce Ave,Punjab,893753,Brazil,2023-02-03T21:05:54.399Z,2023-02-08T00:06:33.498Z
174,Shelley Duncan,1-446-710-9485,at.augue@outlook.org,4056 Arcu Avenue,Swiętokrzyskie,47351,Austria,2023-02-07T09:06:12.356Z,2023-02-13T15:07:00.411Z
175,Ishmael Lopez,1-316-507-4124,enim@yahoo.couk,Ap #528-4063 Odio Rd.,Central Region,73164,Netherlands,2023-02-15T05:05:28.409Z,2023-02-23T08:06:48.451Z
176,Solomon Rush,1-540-521-6247,adipiscing.ligula@yahoo.ca,367-3404 Et St.,Buckinghamshire,527758,Spain,2023-01-04T03:06:07.35Z,2023-01-16T21:07:26.4Z
177,Stacy Wise,1-576-564-3569,est.mauris@aol.couk,"P.O. Box 700, 7618 Duis St.",Loreto,73-144,Netherlands,2022-12-04T21:05:54.374Z,2022-12-15T04:06:06.425Z
178,Nero Cain,1-991-253-3614,magna.malesuada@google.net,Ap #544-6988 Sed Avenue,Veracruz,5112,Singapore,2023-02-14T12:06:29.407Z,2023-02-24T02:07:01.469Z
179,Rigel Hill,1-234-375-7216,elit.pede@yahoo.net,"394-4739 Felis, Road",Limón,14412-82324,South Africa,2022-12-18T03:05:59.384Z,2022-12-25T00:07:11.421Z
180,Miranda Lee,1-648-668-8875,justo.faucibus@protonmail.org,Ap #732-4240 Ac Av.,Xīběi,4378,South Africa,2022-12-26T21:06:02.332Z,2023-01-07T00:06:53.351Z
181,Dean Patel,1-742-734-4842,auctor.velit.eget@yahoo.edu,6987 Ipsum St.,North Gyeongsang,642108,Belgium,2023-03-16T15:06:16.315Z,2023-03-24T10:06:27.399Z
182,Francis Harvey,1-934-469-4061,nascetur@icloud.couk,945-9784 Nunc Rd.,Nam Định,5253,Philippines,2023-03-04T17:06:37.323Z,2023-03-17T16:07:54.326Z
183,Noelle Sheppard,1-817-760-5252,metus.in.nec@yahoo.couk,Ap #664-3414 Cum Rd.,Melilla,671623,China,2023-02-03T15:05:52.399Z,2023-02-13T19:06:09.496Z
184,Dante Brock,1-667-318-4302,netus.et@google.com,7440 Congue St.,Odessa oblast,50106,Netherlands,2022-12-07T04:06:41.36Z,2022-12-09T16:08:15.41Z
185,Laith Aguilar,1-353-231-0163,purus@yahoo.com,593-3482 Magna. Ave,Principado de Asturias,X77 7CK,Norway,2023-02-06T21:06:14.396Z,2023-02-13T11:07:07.475Z
186,Rajah Pacheco,1-727-574-5534,et@outlook.couk,5744 Sem St.,Vienna,45-544,Norway,2023-01-01T10:05:45.342Z,2023-01-08T04:05:57.434Z
187,Dominic Mann,1-257-358-4726,aenean.eget@google.com,417-278 Amet Rd.,Baden Württemberg,171132,Norway,2023-01-03T22:06:34.345Z,2023-01-09T18:08:05.387Z
188,Claudia Raymond,1-755-810-1646,cras.vulputate@outlook.edu,828-6147 Dui Rd.,Sachsen,1832,Indonesia,2022-12-26T01:06:17.41Z,2022-12-29T17:07:40.477Z
189,Galvin Melton,1-376-807-1426,arcu@hotmail.edu,Ap #932-6749 Cras St.,Đồng Nai,487168,Mexico,2023-03-12T00:06:18.334Z,2023-03-18T03:07:38.432Z
190,Nissim Berger,1-286-532-8528,euismod.in@yahoo.com,131-9934 Quisque St.,Ankara,463074,Peru,2023-02-24T11:06:28.382Z,2023-02-26T09:06:55.411Z
191,Nadine Holloway,1-955-407-5177,commodo.at@protonmail.com,625-6106 Aliquam St.,Cartago,656900,Indonesia,2022-12-27T13:05:57.37Z,2023-01-06T07:06:20.428Z
192,TaShya Mcclure,1-409-521-8243,blandit.mattis.cras@google.ca,Ap #514-8900 Nunc Rd.,Paraíba,7726,Brazil,2023-02-03T20:07:01.378Z,2023-02-09T23:08:07.398Z
193,Alfreda Wall,1-443-711-3536,libero.et.tristique@yahoo.edu,968-3211 Integer Street,Moscow City,161376,China,2022-12-28T00:06:12.403Z,2023-01-10T05:06:56.435Z
194,Kathleen Lindsay,1-686-828-1674,mi.fringilla@yahoo.org,679-9632 Arcu Street,Kano,5212-9453,India,2023-03-02T12:05:40.369Z,2023-03-13T21:05:45.417Z
195,Halla Brennan,1-275-556-1550,nisl.quisque@google.edu,2982 Nonummy Av.,Sląskie,671768,Pakistan,2023-01-30T04:06:45.401Z,2023-02-11T17:07:28.428Z
196,Leonard Mckee,1-273-878-2548,pede.nunc@hotmail.com,4087 Tellus Avenue,Brandenburg,41645-214,Australia,2023-03-08T03:06:11.402Z,2023-03-15T00:06:14.423Z
197,Harlan Stanley,1-235-326-3449,ornare@hotmail.edu,198-1541 Fusce Av.,Riau,5310-0338,Norway,2023-03-02T07:06:15.382Z,2023-03-04T09:07:46.442Z
198,Jerry Riddle,1-654-632-5915,tortor@hotmail.couk,6791 In Road,Cantabria,73271,Vietnam,2023-01-01T19:06:31.373Z,2023-01-10T20:08:06.388Z
199,Edward Gordon,1-817-168-0566,convallis@hotmail.com,"P.O. Box 898, 3671 Nunc Avenue",North Island,65584-478,New Zealand,2023-01-20T13:06:50.35Z,2023-01-31T15:07:20.399Z
200,Cora Chaney,1-354-556-8245,laoreet.posuere@outlook.net,8842 Vehicula Avenue,Limburg,56216,India,2023-02-09T10:05:47.323Z,2023-02-12T23:06:49.387Z
201,Cleo Charles,1-294-758-2356,vel@hotmail.org,Ap #936-9361 In Road,California,22,Costa Rica,2022-12-20T18:06:58.385Z,2022-12-24T22:08:12.442Z
202,Ulric Osborne,1-261-247-2547,ac.turpis@icloud.ca,"P.O. Box 468, 1302 Gravida Avenue",Cajamarca,5188,China,2022-12-18T06:06:45.399Z,2022-12-24T17:07:41.407Z
203,Colorado Ballard,1-929-304-2891,ligula.donec@google.net,836-4825 Sem Av.,South Jeolla,416462,Nigeria,2023-02-07T10:06:55.351Z,2023-02-12T06:07:05.355Z
204,Ray Kelley,1-216-713-8267,sapien.molestie@yahoo.edu,8196 Integer St.,Monmouthshire,65823-417,South Africa,2022-12-22T07:06:51.405Z,2023-01-02T07:08:11.462Z
205,Alvin Kim,1-236-284-2181,ut.nulla@aol.couk,637-9219 Vehicula. Street,Northwest Territories,2797 YJ,Colombia,2023-01-04T09:06:36.345Z,2023-01-13T07:07:02.41Z
206,Deanna Nunez,1-980-673-4655,nibh.enim@aol.com,"Ap #393-4241 Ornare, Av.",Podkarpackie,64734,Nigeria,2022-12-13T13:05:41.318Z,2022-12-18T12:07:21.413Z
207,Nicole Mcguire,1-401-655-8627,egestas.aliquam@protonmail.org,3445 Nunc Rd.,Alajuela,85074,Ireland,2023-02-26T04:06:36.346Z,2023-03-04T13:06:43.357Z
208,Dara Dunn,1-754-141-3029,eros.nam@outlook.edu,Ap #329-6447 Imperdiet St.,Maine,451609,Chile,2023-01-03T06:05:41.359Z,2023-01-09T23:06:19.446Z
209,Garrett Combs,1-526-281-7288,quisque.tincidunt@protonmail.couk,9654 Ligula. St.,Leicestershire,764977,Russian Federation,2023-02-26T20:06:21.328Z,2023-03-05T18:06:29.39Z
210,Kerry Mcconnell,1-331-660-3711,malesuada.integer@hotmail.com,"199-577 Aliquet, Av.",Phú Yên,54255,Sweden,2023-03-11T03:06:43.389Z,2023-03-23T13:07:05.474Z
211,Tiger Brock,1-753-740-7321,blandit@aol.edu,103-4210 Nulla Street,Munster,5069 ER,Austria,2023-01-04T21:05:42.317Z,2023-01-10T00:05:48.385Z
212,Aphrodite Rush,1-842-398-4452,ac.mattis.ornare@icloud.ca,9507 Magna. Ave,Georgia,5478-7058,Ireland,2023-01-08T14:07:00.341Z,2023-01-16T01:08:30.39Z
213,Wesley Durham,1-292-737-2642,mus.aenean@icloud.edu,"610-4499 Non, Rd.",Oslo,683113,Brazil,2022-12-18T20:06:18.384Z,2022-12-23T00:07:50.468Z
214,Jin Kelley,1-234-678-7718,nec.quam@outlook.net,7089 Lorem Avenue,Valle del Cauca,435975,Colombia,2023-01-01T18:05:23.33Z,2023-01-09T11:05:28.358Z
215,Sasha Mooney,1-966-627-1287,nisi@google.com,Ap #650-9741 Egestas. Rd.,Limón,14-633,Nigeria,2023-03-13T07:06:54.408Z,2023-03-21T04:08:00.435Z
216,Lacota Barker,1-225-922-5071,molestie.sodales.mauris@icloud.com,Ap #466-8186 Nec Rd.,Rio Grande do Sul,852548,Indonesia,2023-03-14T02:06:13.327Z,2023-03-21T04:06:57.37Z
217,Christine Montgomery,1-491-646-6687,quisque@google.org,5851 Lectus Ave,Bà Rịa–Vũng Tàu,82914,Philippines,2023-03-11T00:06:29.335Z,2023-03-20T17:06:30.428Z
218,Cain Hale,1-432-248-2493,nunc.laoreet@yahoo.edu,Ap #181-5470 Euismod Road,Penza Oblast,85422-814,Poland,2023-01-01T00:05:46.314Z,2023-01-09T09:05:53.363Z
219,Sierra Conrad,1-474-761-2323,eu.nulla@outlook.couk,8383 Dictum Av.,Molise,756480,China,2022-12-17T13:05:35.411Z,2022-12-20T07:06:11.421Z
220,Chelsea Hodges,1-301-881-8758,risus.varius.orci@aol.net,236-4154 Turpis. St.,Kahramanmaraş,87-847,Nigeria,2022-12-06T12:06:24.325Z,2022-12-13T07:06:28.389Z
221,Patrick Landry,1-334-854-1746,neque@aol.couk,"P.O. Box 934, 1192 Ante Street",Heredia,7583,China,2022-12-25T09:05:34.403Z,2022-12-30T20:07:13.455Z
222,Cullen Mclaughlin,1-252-559-6662,vitae@aol.ca,895-487 Risus. Avenue,Manisa,13282-77339,Australia,2022-12-28T18:06:06.316Z,2022-12-31T16:06:37.367Z
223,Wendy Hamilton,1-543-867-6569,nonummy.ultricies@icloud.net,Ap #700-5144 Felis Avenue,South Chungcheong,01352-33412,Peru,2023-01-03T00:05:23.312Z,2023-01-15T16:06:28.368Z
224,Karyn Allen,1-256-634-3464,sed.dui.fusce@outlook.com,"P.O. Box 591, 9428 Faucibus Ave",Hải Dương,8232,Russian Federation,2023-02-03T12:06:54.4Z,2023-02-15T14:07:37.455Z
225,Linus Kline,1-651-368-5675,adipiscing.elit.etiam@hotmail.org,Ap #947-7803 Dignissim Av.,Melilla,44242,Mexico,2023-02-16T18:05:26.385Z,2023-02-28T13:07:06.459Z
226,Erich Koch,1-413-171-5751,magna.a.neque@google.net,297-2525 Nonummy St.,Gävleborgs län,13216,Australia,2023-02-06T02:06:47.342Z,2023-02-13T12:08:18.392Z
227,Alden Moon,1-952-499-3722,quisque.fringilla@yahoo.net,"567-9080 Et, Ave",North Island,97913,Norway,2023-02-03T17:06:22.403Z,2023-02-12T15:07:57.462Z
228,Daniel Humphrey,1-691-547-6920,dolor.sit@protonmail.couk,956-2067 Diam. Rd.,Amazonas,50204,Canada,2023-01-24T20:07:02.404Z,2023-02-04T19:08:05.427Z
229,Deirdre Clark,1-821-572-8987,augue.scelerisque.mollis@hotmail.couk,2734 Natoque Avenue,North Chungcheong,858642,France,2023-02-08T11:06:13.389Z,2023-02-12T07:07:30.436Z
230,Caesar Cabrera,1-711-466-6089,amet.risus@protonmail.ca,"749-1436 Mauris, Rd.",FATA,3657,Philippines,2023-02-21T16:05:36.353Z,2023-03-01T21:05:43.426Z
231,Sacha Huffman,1-911-787-4415,gravida.nunc.sed@hotmail.couk,"P.O. Box 383, 4772 Ipsum Avenue",Madrid,898616,Norway,2023-01-14T11:07:00.406Z,2023-01-22T23:07:23.411Z
232,Lawrence Mitchell,1-238-768-8503,rutrum@aol.org,"842-4363 Ornare, St.",Tarapacá,942652,Philippines,2023-03-11T09:06:14.403Z,2023-03-12T12:07:47.473Z
233,Stephanie Torres,1-645-720-8777,aliquam@protonmail.edu,545-5123 Quis Avenue,Waals-Brabant,762614,Singapore,2022-12-19T02:06:44.336Z,2022-12-24T15:08:05.351Z
234,Sage Mitchell,1-266-209-7787,a.neque@aol.net,312-4957 Accumsan Av.,Euskadi,274372,Norway,2023-01-21T11:06:26.312Z,2023-02-03T18:06:45.317Z
235,Kenneth Dennis,1-756-981-1492,lobortis.quam@yahoo.net,503-552 Magna St.,Antalya,XI4 5NF,Peru,2023-03-16T08:05:30.399Z,2023-03-25T06:06:27.468Z
236,Rina Hess,1-367-634-5546,ac.feugiat@hotmail.couk,"7538 Elit, Road",Zakarpattia oblast,46387,Colombia,2022-12-19T00:06:18.316Z,2023-01-01T04:06:43.367Z
237,Jana Cherry,1-643-353-6562,curabitur@aol.couk,"239-4574 Aliquet, Rd.",Dnipropetrovsk oblast,7545,India,2023-01-29T14:06:59.334Z,2023-02-05T20:07:47.403Z
238,Phillip Meyers,1-686-267-7845,tincidunt.orci@yahoo.net,Ap #923-1351 Sodales Av.,Gävleborgs län,96247-96471,Singapore,2023-01-22T08:06:31.374Z,2023-01-25T11:06:43.436Z
239,Blythe Fischer,1-642-887-7828,nec.urna.et@google.org,2115 Justo. Rd.,South Gyeongsang,3573-4896,South Africa,2022-12-30T16:05:48.358Z,2023-01-04T07:06:49.433Z
240,Jonah Hammond,1-577-145-4342,tempus.scelerisque@yahoo.net,Ap #576-4975 Praesent Ave,Guanacaste,8045,Brazil,2023-03-08T05:06:24.36Z,2023-03-16T21:07:19.421Z
241,Berk Morrow,1-552-634-1721,eget@protonmail.couk,911-3344 Donec Rd.,Northwest Territories,67281,Germany,2023-01-30T01:06:15.336Z,2023-02-09T03:07:29.391Z
242,Paloma Burris,1-128-854-9449,tincidunt.congue@google.edu,Ap #908-9928 Est. Rd.,Antalya,84786,Singapore,2022-12-22T13:06:33.4Z,2022-12-30T04:07:39.476Z
243,Garrison Walsh,1-140-758-5717,elit.dictum.eu@outlook.couk,"P.O. Box 760, 7315 Curabitur St.",North Jeolla,686727,Costa Rica,2022-12-30T10:06:50.405Z,2023-01-03T00:07:09.475Z
244,Leilani Rivas,1-946-713-2970,nec.mauris@icloud.org,"P.O. Box 198, 3845 Iaculis Avenue",Bryansk Oblast,239758,South Africa,2023-02-21T14:05:26.401Z,2023-03-05T11:06:18.458Z
245,Candice Stanton,1-774-625-0732,accumsan.neque.et@hotmail.org,Ap #833-2774 Ornare. Street,Goa,25516,Pakistan,2022-12-08T06:06:48.386Z,2022-12-18T18:07:21.468Z
246,Cadman Keith,1-571-805-8401,malesuada.id@yahoo.com,4769 Eget Rd.,Rogaland,3744,Costa Rica,2022-12-26T06:06:52.331Z,2023-01-02T08:08:22.415Z
247,Otto Pittman,1-568-450-9657,gravida.non@hotmail.edu,320-8146 Eget Rd.,Heredia,999812,Poland,2023-03-06T03:06:06.392Z,2023-03-15T04:07:45.402Z
248,Abbot Villarreal,1-914-252-5239,tellus.justo@yahoo.couk,Ap #738-9702 Donec St.,Upper Austria,1843 MH,South Korea,2023-03-07T04:06:07.366Z,2023-03-18T17:07:36.386Z
249,Georgia Gray,1-961-967-5265,massa.rutrum.magna@hotmail.ca,Ap #182-7447 Mollis St.,Viken,22179,United States,2022-12-13T08:06:27.337Z,2022-12-21T19:07:06.423Z
250,Price Small,1-268-527-1198,ligula.aenean.euismod@google.org,Ap #369-4444 Pharetra. Avenue,Alajuela,4366,Russian Federation,2023-01-16T13:06:43.405Z,2023-01-27T20:07:05.483Z
251,Jin Maynard,1-961-452-8193,ornare.tortor@aol.edu,585-2633 Sed St.,Louisiana,5402,India,2023-03-15T15:06:45.391Z,2023-03-20T17:07:38.458Z
252,Tatyana Schmidt,1-616-791-1349,non@yahoo.ca,5023 Fusce Rd.,Atacama,98214,Germany,2023-03-03T03:06:59.313Z,2023-03-11T21:08:26.315Z
253,Grady Serrano,1-876-285-8248,gravida.nunc@yahoo.net,629-816 Fusce Street,Västra Götalands län,58438,Norway,2023-01-23T21:06:06.371Z,2023-01-25T07:06:53.41Z
254,Xavier Langley,1-336-372-8814,luctus.lobortis@icloud.couk,"315-396 Vitae, Rd.",Los Ríos,S2L 6K6,China,2022-12-28T19:05:27.392Z,2023-01-02T21:06:03.491Z
255,Blythe Barlow,1-578-254-9785,est.vitae@google.couk,Ap #494-8465 Sapien. Av.,Berlin,31542,Brazil,2022-12-20T19:06:59.395Z,2022-12-31T14:07:57.475Z
256,McKenzie Hinton,1-184-242-5327,sit.amet.risus@google.org,363-6252 Donec Rd.,Lampung,35448,Mexico,2023-03-02T01:06:58.352Z,2023-03-14T04:07:40.423Z
257,Marah Silva,1-577-860-9883,pellentesque.ut.ipsum@yahoo.org,Ap #318-2518 Risus St.,Lubelskie,4718,France,2022-12-29T06:05:53.314Z,2023-01-07T03:07:15.331Z
258,Vera Wynn,1-864-676-4643,integer@protonmail.ca,411-3465 Ultricies Avenue,Yaroslavl Oblast,5735,Mexico,2023-01-20T08:06:42.384Z,2023-02-01T10:06:56.438Z
259,George Sullivan,1-277-698-9211,non.magna@icloud.org,4931 Egestas Av.,Norfolk,471582,Australia,2023-02-24T06:05:54.379Z,2023-03-03T12:05:58.441Z
260,Lamar Glass,1-689-389-1273,elit.fermentum@google.ca,Ap #826-3347 Morbi Street,Mexico City,491693,Poland,2022-12-20T16:06:23.34Z,2022-12-26T17:06:49.38Z
261,Cruz Macdonald,1-837-216-7177,aenean.gravida@icloud.net,3148 Vivamus Road,Norte de Santander,9651,United Kingdom,2023-02-17T14:06:28.374Z,2023-02-26T11:07:25.448Z
262,Hunter Frederick,1-871-570-1386,sit@aol.com,620-477 Tellus Street,Chhattisgarh,21268,Spain,2023-02-12T18:05:30.323Z,2023-02-17T06:06:10.378Z
263,Wesley Pollard,1-557-289-1674,et@protonmail.org,927-6529 Fermentum St.,Basilicata,25081,Pakistan,2022-12-07T22:06:31.392Z,2022-12-19T22:07:11.456Z
264,Blaze Bentley,1-516-810-5073,placerat@hotmail.ca,825-2852 Ultrices St.,Minas Gerais,76543-59613,Costa Rica,2023-02-15T01:06:56.339Z,2023-02-20T21:07:42.397Z
265,Miriam Tyson,1-476-329-3869,donec.luctus.aliquet@protonmail.edu,753-4980 Ac Rd.,Vorarlberg,2492,Germany,2023-02-22T04:06:36.372Z,2023-02-26T02:07:17.413Z
266,Channing Nicholson,1-764-634-7271,molestie.sed.id@yahoo.net,Ap #895-9574 Non Road,Kano,640243,Sweden,2022-12-17T01:06:40.392Z,2022-12-24T14:07:20.458Z
267,Evangeline Mcknight,1-479-340-7764,lobortis.tellus@google.net,Ap #143-8886 Sem Avenue,Imo,3149,Ireland,2023-01-19T11:05:42.364Z,2023-01-23T15:05:54.386Z
268,Chastity Britt,1-718-770-4796,morbi.sit@yahoo.net,"P.O. Box 987, 335 Commodo St.",Loreto,422174,Sweden,2023-01-04T00:06:58.319Z,2023-01-14T01:08:38.361Z
269,Connor Holmes,1-748-182-6731,nullam.nisl@outlook.com,134-5342 Nec St.,Friuli-Venezia Giulia,3587,Costa Rica,2023-02-22T23:05:45.365Z,2023-03-08T06:06:26.418Z
270,Lionel Baird,1-264-432-2713,in.lobortis@google.org,650-9548 Sapien Road,Guainía,54-28,Brazil,2022-12-20T01:06:33.385Z,2022-12-25T23:07:20.427Z
271,Cody King,1-958-919-2674,tellus.eu@google.com,"P.O. Box 412, 3666 Eu Ave",Connacht,4427,India,2022-12-04T20:05:37.372Z,2022-12-16T01:06:19.411Z
272,Georgia Schultz,1-831-342-9452,justo.eu.arcu@protonmail.org,Ap #146-519 Mauris St.,Kiên Giang,24861,Poland,2022-12-25T14:06:47.402Z,2022-12-30T13:07:24.412Z
273,Damon Benton,1-584-237-9258,fringilla@hotmail.org,688-5906 Duis St.,Penza Oblast,3873,Germany,2023-01-28T21:05:37.391Z,2023-02-07T02:05:58.437Z
274,Christine Newton,1-720-799-8881,posuere@aol.ca,416-8620 Donec Avenue,Ulster,722616,Russian Federation,2023-03-01T15:06:21.364Z,2023-03-14T17:07:36.399Z
275,Richard Horn,1-756-885-7701,blandit@outlook.com,"P.O. Box 719, 6921 Nec, St.",Poltava oblast,59014,Australia,2023-03-09T09:06:25.377Z,2023-03-18T20:07:57.447Z
276,Cheyenne Eaton,1-876-414-1283,ultrices.posuere@outlook.edu,705-3413 Donec Ave,Huádōng,8781,Spain,2022-12-20T06:06:13.402Z,2022-12-29T16:07:12.469Z
277,Meghan Morris,1-462-884-4776,porttitor.tellus@icloud.org,279-1755 Quisque Road,Gävleborgs län,42884-102,Austria,2023-01-12T08:05:58.41Z,2023-01-19T19:06:48.47Z
278,Ezra Maxwell,1-119-451-8269,neque.in@google.ca,"745-9647 A, Av.",Tasmania,35714,Costa Rica,2022-12-24T17:06:07.396Z,2022-12-29T07:06:11.486Z
279,Maxwell Johnston,1-451-825-3537,fermentum@protonmail.org,"P.O. Box 557, 2647 Dolor. Street",Lagos,64357,Australia,2023-02-18T08:05:56.324Z,2023-02-25T15:07:16.422Z
280,Jillian Drake,1-397-435-9821,quis.accumsan@aol.couk,2949 Nisi St.,South Island,2815-5566,Ukraine,2023-02-21T06:06:07.397Z,2023-02-25T11:06:18.466Z
281,Latifah Romero,1-895-467-3690,ad.litora@icloud.edu,725-9702 Turpis. St.,Maule,5964,New Zealand,2023-01-17T19:06:17.379Z,2023-01-25T03:07:36.432Z
282,Ocean Boyle,1-208-339-2128,aliquam.gravida@protonmail.edu,664-9933 Eget Avenue,Ontario,3205,Singapore,2023-02-15T05:05:56.327Z,2023-02-20T14:07:34.392Z
283,Dai Frazier,1-364-685-0585,donec.porttitor.tellus@aol.couk,357-2226 Dolor. Street,Northern Cape,2621,Belgium,2023-03-05T19:06:09.349Z,2023-03-19T09:06:19.439Z
284,Louis Orr,1-187-681-5448,malesuada.vel@icloud.org,310-7857 Ullamcorper St.,Odessa oblast,J1L 8E8,Pakistan,2023-03-07T17:05:47.366Z,2023-03-15T01:07:14.373Z
285,Walter Mcmahon,1-454-216-6054,massa.vestibulum@outlook.net,5322 Semper. Street,Surrey,45835,Singapore,2022-12-16T23:06:52.376Z,2022-12-29T18:07:14.441Z
286,Branden Cross,1-345-296-6347,scelerisque.lorem.ipsum@hotmail.net,Ap #189-4023 Faucibus Road,Stockholms län,471372,Canada,2023-02-13T01:05:29.408Z,2023-02-18T04:06:00.435Z
287,Jaquelyn Joyce,1-217-608-2202,libero@google.net,280-2998 Eleifend Rd.,South Island,73761,New Zealand,2023-03-11T18:06:09.316Z,2023-03-24T02:07:37.369Z
288,Kennedy Page,1-734-638-5173,nec.quam@yahoo.couk,497-5158 Vivamus Avenue,Biobío,7617-5872,Australia,2023-03-17T09:06:27.368Z,2023-03-30T01:06:59.467Z
289,Phyllis Avery,1-844-769-8629,faucibus.id@google.org,"Ap #462-461 Et, Road",Newfoundland and Labrador,1871-0201,Australia,2023-02-13T06:06:34.409Z,2023-02-17T03:06:41.464Z
290,Benjamin Bullock,1-456-232-4858,aenean.sed@google.edu,"P.O. Box 890, 2974 Phasellus Road",Ulster,5770,United Kingdom,2022-12-22T21:05:27.363Z,2022-12-28T17:06:44.415Z
291,Caleb Marshall,1-857-781-6534,proin.dolor@hotmail.net,"P.O. Box 913, 7063 Sodales. St.",Aquitaine,8233,Ukraine,2023-01-27T06:05:28.403Z,2023-02-03T16:06:26.439Z
292,Joan Wilder,1-731-254-2436,sollicitudin.adipiscing@protonmail.org,Ap #963-6980 Aptent Road,Balochistan,77617,Mexico,2023-02-22T03:06:46.324Z,2023-03-06T02:07:43.341Z
293,Samuel Randall,1-163-588-5258,arcu.iaculis.enim@google.couk,"P.O. Box 400, 2164 Enim. Street",Boyacá,374731,Austria,2023-03-01T23:06:44.331Z,2023-03-11T20:06:45.34Z
294,Wang Odom,1-601-438-8713,phasellus@hotmail.net,"P.O. Box 572, 4183 Fringilla St.",Gävleborgs län,315441,Brazil,2022-12-11T19:05:28.38Z,2022-12-19T05:05:31.43Z
295,Lisandra Chang,1-772-918-5560,ornare@yahoo.edu,Ap #107-1841 Fusce Street,Utrecht,3422,Vietnam,2022-12-10T10:07:01.338Z,2022-12-15T15:08:33.371Z
296,Francis Romero,1-586-382-3810,vitae@icloud.ca,Ap #131-2053 Suspendisse Avenue,Piura,T9K 2G0,New Zealand,2023-01-29T03:06:50.372Z,2023-01-31T04:07:33.437Z
297,Bree Cook,1-842-402-5373,nulla.semper@google.org,Ap #911-6537 In Rd.,Jeju,8488,Netherlands,2023-02-26T16:05:26.372Z,2023-03-08T06:05:35.47Z
298,Holly Pugh,1-671-202-6623,eu.odio@aol.ca,Ap #163-230 Proin Ave,Dōngběi,50607,Philippines,2023-02-03T07:05:54.333Z,2023-02-12T16:07:20.354Z
299,Doris Howell,1-567-538-4357,egestas.sed@google.org,Ap #532-5154 Mi Rd.,Punjab,58375,Mexico,2023-01-11T10:06:16.399Z,2023-01-22T02:06:50.429Z
300,Dustin Alston,1-483-828-1251,vitae.purus@aol.edu,"P.O. Box 811, 7974 Justo Rd.",Balochistan,111888,Australia,2023-02-12T18:05:49.381Z,2023-02-18T12:06:06.391Z
301,Kareem Webb,1-423-799-7331,mattis.ornare.lectus@yahoo.com,520-5136 Ac Rd.,Marche,48754-575,Peru,2023-02-17T10:05:24.411Z,2023-03-01T18:07:02.429Z
302,Aristotle Cohen,1-988-683-8581,tincidunt.orci@aol.edu,426-2088 Nunc St.,Munster,28444,India,2022-12-22T11:05:36.402Z,2023-01-01T17:06:38.493Z
303,Bernard Briggs,1-872-336-1684,sed.leo@yahoo.edu,142-8528 Facilisis Ave,Leinster,2850,Colombia,2023-02-26T08:05:56.335Z,2023-03-06T12:06:55.41Z
304,Marcia Terrell,1-727-634-3467,faucibus@protonmail.ca,"8191 Felis, Av.",Novosibirsk Oblast,752396,Pakistan,2023-03-14T08:06:41.379Z,2023-03-21T13:07:28.474Z
305,Orli Harmon,1-272-525-7360,libero.nec@protonmail.net,"504-2230 Vitae, Ave",Piura,575262,Italy,2023-01-05T02:05:45.333Z,2023-01-16T00:06:17.425Z
306,India Alston,1-538-158-8173,metus.aliquam@protonmail.edu,"P.O. Box 774, 8924 Vehicula. Av.",Odisha,8516,Austria,2022-12-22T14:06:44.409Z,2022-12-27T09:08:12.493Z
307,Edan Myers,1-468-273-0817,odio@aol.couk,"Ap #729-7186 Aliquet, Av.",North-East Region,16516,South Africa,2023-02-27T02:06:02.354Z,2023-03-10T00:06:39.451Z
308,Yeo Fitzpatrick,1-724-319-3160,malesuada.fames@hotmail.org,812-8684 Hendrerit Rd.,Zhōngnán,31020,Belgium,2023-02-08T20:07:01.366Z,2023-02-15T00:07:52.436Z
309,Hillary Massey,1-336-271-3947,orci.luctus@hotmail.net,348-3543 Ut St.,Uttar Pradesh,25646,Ukraine,2023-01-11T22:06:38.382Z,2023-01-15T13:06:53.442Z
310,Phyllis Douglas,1-828-419-6434,aliquam.arcu.aliquam@icloud.com,847-3569 Sapien. Rd.,Provence-Alpes-Côte d'Azur,5633,Norway,2022-12-26T22:05:37.343Z,2023-01-01T12:06:58.352Z
311,Eagan Fernandez,1-357-258-5778,vitae.aliquam.eros@aol.ca,9573 Arcu. Street,Poitou-Charentes,26513,Singapore,2023-01-01T05:06:09.366Z,2023-01-03T16:06:33.454Z
312,Tashya Parrish,1-764-563-5634,semper.tellus.id@aol.org,"P.O. Box 206, 8218 Blandit Av.",Kujawsko-pomorskie,7778,Sweden,2023-02-01T20:06:43.399Z,2023-02-08T18:07:10.423Z
313,Pascale Flores,1-660-246-9955,at.lacus@aol.net,2086 Augue Avenue,Limburg,4378,Australia,2023-01-24T16:06:39.368Z,2023-01-30T10:06:52.384Z
314,Amela Pitts,1-281-350-2273,augue@yahoo.org,Ap #605-2745 Augue Avenue,Cherkasy oblast,30849,Russian Federation,2023-01-14T18:06:54.389Z,2023-01-24T06:07:03.441Z
315,Honorato Black,1-254-183-4780,sit.amet@protonmail.org,Ap #101-1823 Nisi St.,North Chungcheong,45715,Belgium,2023-02-11T17:06:23.344Z,2023-02-17T23:06:35.364Z
316,Berk Melendez,1-425-391-6429,vel@aol.ca,"Ap #540-6098 Semper, Road",Paraná,1274,France,2023-01-24T13:06:14.32Z,2023-02-02T07:07:19.398Z
317,Kirby Hinton,1-965-235-2984,ullamcorper.viverra@icloud.ca,555-2268 Neque Rd.,Goiás,9232-1174,Mexico,2022-12-10T10:06:09.367Z,2022-12-20T23:07:21.425Z
318,Shaine Hutchinson,1-155-699-6742,vitae.aliquet@aol.com,Ap #850-1620 Phasellus Street,Huádōng,LH7H 8IZ,Pakistan,2022-12-16T02:06:46.32Z,2022-12-27T22:08:18.415Z
319,Macey Boone,1-211-826-3505,magna.phasellus@google.ca,Ap #678-8192 Mauris St.,Massachusetts,531328,Austria,2023-01-31T18:06:07.312Z,2023-02-09T05:07:29.386Z
320,Tamekah Mason,1-672-654-6118,sociis.natoque.penatibus@google.edu,Ap #296-4473 Rhoncus. Rd.,La Rioja,77936,New Zealand,2022-12-06T12:06:36.332Z,2022-12-16T00:07:48.344Z
321,Quentin Lamb,1-834-528-4748,eu.euismod@aol.com,Ap #115-9789 Aenean Road,Angus,41-862,Pakistan,2023-02-10T23:06:38.397Z,2023-02-21T15:07:52.494Z
322,Fredericka Savage,1-164-720-5869,augue.ut@icloud.couk,Ap #708-4786 Lorem St.,Central Region,896954,Spain,2023-01-17T07:07:01.397Z,2023-01-27T10:08:29.418Z
323,Ifeoma Chambers,1-857-175-2329,quam@hotmail.couk,959-5888 Eget Av.,Rivers,12613,Ireland,2023-02-17T17:06:50.332Z,2023-02-20T15:07:48.404Z
324,Jaime Powell,1-546-928-7934,facilisis@google.couk,"Ap #929-6011 Amet, Road",Schleswig-Holstein,6621 EW,Sweden,2023-02-21T19:06:56.331Z,2023-03-04T02:07:49.37Z
325,Sasha Britt,1-214-411-8764,aliquet@protonmail.org,115-4656 Urna St.,Central Region,201688,Sweden,2022-12-15T08:05:44.332Z,2022-12-18T02:06:29.424Z
326,Nevada Knight,1-882-766-1831,dolor.elit.pellentesque@outlook.couk,"P.O. Box 785, 3087 Pede. St.",Heredia,285459,Chile,2023-01-07T11:06:03.322Z,2023-01-14T15:06:34.379Z
327,Paki Bright,1-352-244-3201,donec.porttitor@yahoo.edu,"712-6289 At, Road",FATA,42846-14404,Germany,2023-03-06T01:06:16.362Z,2023-03-19T03:07:01.449Z
328,Germaine Bowen,1-817-257-8357,mi.ac@hotmail.org,Ap #702-2422 Malesuada Rd.,Franche-Comté,878162,Canada,2023-01-22T04:06:25.386Z,2023-02-01T11:07:58.399Z
329,Regan Wiggins,1-514-971-5356,proin.non.massa@aol.net,"P.O. Box 410, 4470 Gravida St.",Leinster,43081,Italy,2022-12-18T10:06:03.365Z,2023-01-01T03:06:09.372Z
330,Ulric Bender,1-794-131-3814,aliquet@protonmail.org,Ap #259-6553 Nam Rd.,Piura,5247,Sweden,2023-01-17T12:06:54.399Z,2023-01-24T16:07:43.481Z
331,Rowan Graves,1-949-466-2292,vehicula@yahoo.com,205-3644 Cum Street,Mexico City,38-23,Netherlands,2023-02-22T16:05:28.408Z,2023-03-01T10:06:25.449Z
332,Sylvester Pennington,1-569-177-0684,duis.cursus@protonmail.edu,"P.O. Box 452, 3355 Aptent St.",Limón,88765,Mexico,2023-01-04T01:06:25.371Z,2023-01-12T11:07:07.374Z
333,Unity Mccullough,1-534-674-1517,mollis.lectus@icloud.com,"P.O. Box 199, 6316 Nec, Street",La Libertad,17313,Costa Rica,2023-02-13T01:07:02.351Z,2023-02-16T19:07:31.429Z
334,Nora Dominguez,1-688-977-4755,ullamcorper@protonmail.couk,"Ap #203-8041 Vitae, St.",Northern Cape,4514 HW,New Zealand,2022-12-20T23:05:24.409Z,2022-12-25T19:06:08.462Z
335,Carson Eaton,1-951-366-7754,rutrum@hotmail.couk,Ap #793-1627 Dictum Avenue,Brandenburg,1723,Indonesia,2022-12-09T14:06:58.345Z,2022-12-15T03:08:03.43Z
336,Griffith Hopkins,1-287-687-2707,eu.metus.in@yahoo.org,"P.O. Box 782, 1249 Lorem Rd.",Nebraska,747944,Vietnam,2023-02-12T13:06:07.396Z,2023-02-22T06:07:27.453Z
337,Octavius Cotton,1-260-548-7134,risus.in@aol.edu,Ap #221-447 Ipsum St.,Ulster,7960,Sweden,2023-01-04T12:06:31.331Z,2023-01-11T06:06:51.404Z
338,Abigail Mclaughlin,1-229-651-6647,quam.elementum@google.edu,5224 Ullamcorper Rd.,Västra Götalands län,30116,Vietnam,2023-01-19T03:06:01.323Z,2023-01-24T22:06:08.356Z
339,Alec Faulkner,1-754-642-2788,eleifend@yahoo.ca,4519 Nec St.,East Region,271925,Chile,2023-03-07T16:05:40.322Z,2023-03-11T11:06:40.419Z
340,Sasha Brady,1-369-422-4952,ultricies.ligula@protonmail.edu,Ap #980-4335 Auctor Avenue,North Region,84320,Australia,2023-02-23T07:05:33.402Z,2023-02-25T16:06:34.497Z
341,Leila Dotson,1-268-251-6269,eleifend.nec.malesuada@yahoo.edu,Ap #466-4482 A St.,Andalucía,36557,Norway,2023-02-04T05:06:19.41Z,2023-02-10T09:07:20.46Z
342,Colton Morrison,1-117-476-4148,nec.leo@outlook.couk,"714-5548 Id, St.",Antwerpen,SX1 4HV,Spain,2023-03-02T17:06:36.348Z,2023-03-09T06:07:04.438Z
343,Burton Carson,1-223-628-6371,turpis.nec@yahoo.edu,1025 Mi Av.,North-East Region,9672,Belgium,2022-12-17T09:05:28.325Z,2022-12-21T12:05:35.376Z
344,Kasper Foley,1-635-152-5556,metus.in@outlook.ca,Ap #619-351 Ipsum. St.,East Region,33211287,Austria,2023-03-03T17:06:25.364Z,2023-03-06T17:07:32.391Z
345,Thaddeus White,1-874-849-2117,quam.curabitur@hotmail.org,7569 Ac Road,Vienna,4882,Ukraine,2023-02-15T07:06:34.37Z,2023-02-19T06:06:44.447Z
346,Mechelle Wheeler,1-434-595-2562,dolor.egestas.rhoncus@protonmail.org,5384 Aenean Street,Noord Holland,H5L 6N1,Vietnam,2023-01-16T20:06:52.369Z,2023-01-27T00:07:55.44Z
347,Gwendolyn Dominguez,1-949-526-2452,nec.imperdiet@hotmail.com,313-9573 Pede. St.,Northern Cape,748171,New Zealand,2022-12-05T19:06:13.399Z,2022-12-15T17:07:26.485Z
348,Calista Lindsey,1-594-450-6901,sed.molestie.sed@icloud.com,Ap #334-8962 Ante. Rd.,Goiás,638411,Costa Rica,2023-01-09T11:05:52.381Z,2023-01-17T02:06:44.441Z
349,Lunea Webster,1-879-187-1558,egestas.nunc@yahoo.com,170 In Ave,İzmir,644209,Peru,2023-03-02T04:05:43.356Z,2023-03-04T18:05:58.402Z
350,Suki Stein,1-538-866-7681,amet.ante@protonmail.edu,6020 Maecenas Ave,Van,263841,China,2023-01-18T01:05:56.324Z,2023-01-23T10:07:33.368Z
351,Madonna Rivers,1-354-545-6621,proin.eget@hotmail.edu,612-220 Lacinia. Av.,Møre og Romsdal,42178,Russian Federation,2023-02-03T05:06:22.317Z,2023-02-09T19:06:39.377Z
352,Herrod Walter,1-662-321-6128,sed.dui@google.net,"Ap #784-2740 A, Rd.",Northern Cape,773427,South Africa,2023-01-27T07:05:40.369Z,2023-02-08T08:06:59.468Z
353,Blaze Garner,1-252-318-4291,nunc.sit@aol.ca,Ap #315-3423 Aliquam Road,Washington,46354,Norway,2023-01-15T09:05:31.323Z,2023-01-20T20:07:08.341Z
354,Britanni Spears,1-334-169-2872,arcu@protonmail.com,Ap #879-879 Lacus Rd.,Limpopo,25365,New Zealand,2022-12-14T06:05:33.351Z,2022-12-18T03:07:12.399Z
355,Kylan Hull,1-796-874-6169,lobortis.risus.in@yahoo.couk,3591 Donec Av.,Podkarpackie,53604,Costa Rica,2023-02-11T08:05:52.395Z,2023-02-18T12:06:45.399Z
356,Dylan Hudson,1-293-714-0203,lacus.aliquam@aol.com,344-465 Eget Rd.,Arequipa,85911,Canada,2022-12-22T11:06:43.387Z,2022-12-27T11:08:13.444Z
357,Sonia Young,1-624-627-4742,imperdiet.erat.nonummy@hotmail.com,131-7862 Lacus. Road,Hưng Yên,404172,Turkey,2023-01-13T10:05:35.331Z,2023-01-19T00:06:38.392Z
358,Tanya Powers,1-253-802-3334,nec.malesuada@yahoo.net,Ap #610-2164 Orci St.,Tabasco,41012,Russian Federation,2022-12-28T07:05:58.367Z,2023-01-02T12:07:20.441Z
359,Moana Vega,1-361-729-2433,dui.fusce@protonmail.com,955 At Street,West Lothian,459701,Australia,2023-01-29T18:06:14.41Z,2023-02-11T01:07:41.435Z
360,Candice Welch,1-972-252-1213,augue.ac@icloud.org,"829-2908 Vel, Ave",West Sulawesi,366215,United States,2023-02-22T22:05:43.383Z,2023-03-04T15:06:04.483Z
361,Caesar Lynch,1-722-776-9726,ullamcorper.duis.cursus@aol.org,301-9376 Eu Road,Puntarenas,327511,South Africa,2023-03-03T10:06:26.408Z,2023-03-07T16:07:01.421Z
362,Nigel Mcknight,1-418-672-3317,pede.cum@aol.net,836-1930 Nunc St.,Piura,352,Pakistan,2023-01-07T05:05:35.313Z,2023-01-11T14:06:18.395Z
363,Aladdin Stevens,1-586-336-8341,at@outlook.com,680-6820 Erat. Rd.,Chelyabinsk Oblast,893254,Singapore,2023-02-08T09:06:20.332Z,2023-02-18T22:06:46.342Z
364,Yvette Collier,1-617-788-7775,egestas.ligula.nullam@hotmail.net,"P.O. Box 364, 2409 Convallis Street",Dolnośląskie,8586,Brazil,2023-02-01T23:06:48.41Z,2023-02-04T16:06:56.444Z
365,Lawrence Wells,1-796-381-3692,magnis.dis@icloud.ca,"P.O. Box 738, 8901 Sed St.",Papua,2985,South Africa,2023-02-04T01:06:06.378Z,2023-02-10T17:06:27.434Z
366,Shaeleigh Campbell,1-198-318-8918,phasellus.libero.mauris@hotmail.com,162-4996 Posuere St.,Calabarzon,3196,China,2023-01-22T07:06:17.402Z,2023-01-25T19:07:39.493Z
367,Wendy Barnett,1-342-845-8151,arcu.vestibulum@protonmail.couk,580-4625 Eu Av.,Istanbul,20673,Indonesia,2023-01-19T17:06:13.374Z,2023-01-30T20:06:18.443Z
368,Jerry Dillon,1-825-235-0945,ante.nunc@protonmail.net,Ap #235-9025 Lacinia Ave,Northamptonshire,4140-4836,Canada,2023-02-17T03:07:01.36Z,2023-02-28T04:07:38.431Z
369,Catherine Fischer,1-360-958-8113,iaculis@icloud.ca,Ap #517-2411 Scelerisque Road,South Chungcheong,17-536,New Zealand,2022-12-10T15:06:46.397Z,2022-12-21T02:07:34.483Z
370,Audrey Palmer,1-366-877-1589,aliquet.odio@google.edu,413-9090 Quisque St.,Xīnán,3328,Peru,2023-02-02T07:06:39.335Z,2023-02-13T00:08:06.363Z
371,Brock Roth,1-682-634-8497,congue.a@google.couk,Ap #535-8861 Imperdiet Ave,Gaziantep,71-46,Costa Rica,2023-02-20T06:07:01.313Z,2023-02-28T08:07:48.394Z
372,Camille Valentine,1-749-668-3571,nunc.ac@icloud.org,4537 Congue Rd.,Utrecht,83681,China,2023-02-07T10:06:25.381Z,2023-02-13T14:07:36.479Z
373,Erich Hampton,1-715-626-5174,ligula.aenean@hotmail.net,1346 Nunc Road,Aragón,307573,Indonesia,2023-03-06T04:06:56.313Z,2023-03-08T19:07:41.352Z
374,Tyler Rose,1-682-645-6388,nulla.magna.malesuada@icloud.couk,"Ap #566-2086 Vulputate, Ave",Bourgogne,48919,Spain,2023-01-26T07:05:31.391Z,2023-01-29T17:06:49.437Z
375,Clark Hoffman,1-363-744-3624,id.libero@outlook.couk,531-5456 Proin Av.,Huádōng,14135,Italy,2023-02-19T16:05:53.372Z,2023-02-26T18:07:19.446Z
376,Keane Atkins,1-893-744-1588,dictum.eu.placerat@yahoo.edu,Ap #204-2580 Turpis Av.,New Brunswick,9675,Sweden,2022-12-26T22:06:01.349Z,2023-01-01T21:06:13.35Z
377,Adam Fitzgerald,1-477-951-6067,sem@google.edu,Ap #426-4098 Vestibulum Rd.,Nariño,53150,France,2023-01-13T03:06:22.406Z,2023-01-25T23:06:40.441Z
378,Alma York,1-773-275-6246,lectus.pede.et@google.net,Ap #658-1545 Ornare Street,Bahia,616734,Russian Federation,2023-01-04T15:05:58.409Z,2023-01-11T13:06:48.412Z
379,Gil Adkins,1-975-528-9023,varius@icloud.edu,515-9490 Eget Av.,Fife,6365,Belgium,2023-02-02T22:06:04.318Z,2023-02-13T08:07:41.349Z
380,Candice Sweet,1-312-288-4176,auctor.nunc@protonmail.ca,"P.O. Box 183, 7971 Quis St.",Calabria,562535,Belgium,2022-12-07T12:05:31.32Z,2022-12-15T08:06:00.358Z
381,Audrey Simon,1-855-301-1307,nullam.vitae.diam@protonmail.couk,7287 Mauris Ave,Chiapas,80649,Ukraine,2023-01-29T16:06:51.38Z,2023-02-03T16:07:54.393Z
382,Willow Dawson,1-492-182-0841,phasellus.dolor@yahoo.org,Ap #440-5415 Accumsan Rd.,Assam,2935,South Korea,2023-01-27T01:05:33.358Z,2023-02-09T08:06:36.362Z
383,Talon Norman,1-156-721-9521,malesuada@icloud.org,Ap #746-5080 Vulputate Rd.,FATA,T3X 2W2,Belgium,2023-03-03T12:06:05.349Z,2023-03-09T12:07:16.388Z
384,Ciara Casey,1-948-783-3134,aliquet@aol.com,"P.O. Box 526, 8252 Risus. St.",Delta,474,Italy,2023-01-20T04:07:02.321Z,2023-01-31T01:08:26.354Z
385,Gareth Mcdaniel,1-214-839-1153,vulputate.eu@aol.net,5035 Praesent Av.,Aisén,646552,Norway,2023-03-05T04:06:05.383Z,2023-03-15T22:07:40.391Z
386,Kristen Hunter,1-402-822-2219,fringilla.ornare@outlook.edu,"P.O. Box 140, 3392 Molestie. Av.",Xīnán,78062,Colombia,2022-12-24T22:05:28.366Z,2023-01-01T09:06:06.387Z
387,Germaine Kane,1-397-696-9338,mi@hotmail.couk,"P.O. Box 157, 9098 Mi Street",Dunbartonshire,6177,New Zealand,2023-02-27T16:05:36.395Z,2023-03-11T20:06:38.441Z
388,Hu Sparks,1-508-531-1637,eu@icloud.org,952-1731 Interdum Road,Córdoba,303070,Mexico,2023-03-02T12:05:44.379Z,2023-03-14T11:06:07.432Z
389,Joy Carlson,1-449-699-1446,mollis@protonmail.ca,555-9606 Sit Road,Bretagne,39954,Chile,2022-12-21T07:06:07.352Z,2023-01-01T03:06:11.355Z
390,Garth Kim,1-553-144-5658,maecenas.iaculis.aliquet@protonmail.com,"P.O. Box 304, 4882 Ultrices St.",Piemonte,612877,Pakistan,2022-12-14T09:05:33.363Z,2022-12-19T19:06:47.369Z
391,Cassady Maxwell,1-359-753-9903,eleifend.cras.sed@yahoo.com,Ap #995-8506 Imperdiet Road,Bourgogne,14551,Netherlands,2022-12-07T10:05:36.33Z,2022-12-11T12:05:52.419Z
392,Constance Davidson,1-686-122-3614,consectetuer.euismod@aol.net,Ap #749-6889 Porttitor Rd.,Flevoland,3490,United Kingdom,2023-01-01T19:05:48.346Z,2023-01-12T03:06:28.381Z
393,Kevyn Hancock,1-627-561-5333,vel.est@outlook.net,616-3402 Nunc Rd.,Lazio,425220,Turkey,2023-02-15T23:06:02.391Z,2023-02-21T06:06:33.441Z
394,Bruno Cervantes,1-889-255-1328,donec.luctus@hotmail.org,741-8299 Magna Road,Dunbartonshire,9873,Netherlands,2023-02-09T10:05:50.32Z,2023-02-14T00:06:48.364Z
395,Morgan Trevino,1-904-985-1541,sagittis.felis@yahoo.org,236-8995 Et St.,Punjab,65-431,France,2023-02-01T02:06:09.337Z,2023-02-07T01:07:09.416Z
396,Frances Wilkerson,1-315-165-6298,etiam.bibendum@aol.edu,837-1809 Vivamus Street,North-East Region,43-95,Russian Federation,2023-02-25T06:06:12.365Z,2023-02-28T11:06:48.373Z
397,Teagan Ortega,1-940-812-5068,eu.placerat.eget@hotmail.couk,Ap #814-6109 Justo Av.,Diyarbakır,300757,Canada,2023-02-08T01:06:00.385Z,2023-02-13T14:06:52.41Z
398,Georgia Peters,1-288-752-2618,ac.mattis@google.net,"P.O. Box 191, 4515 Pellentesque. St.",Goa,9485,Belgium,2022-12-23T16:06:00.315Z,2022-12-28T15:07:13.362Z
399,Mariam Powell,1-327-878-4708,elit.sed.consequat@google.ca,"P.O. Box 307, 1524 Aliquam St.",West Java,62850-586,Singapore,2023-03-17T03:06:57.373Z,2023-03-23T09:07:01.447Z
400,Lucas Baxter,1-224-451-8558,cubilia.curae@aol.couk,Ap #788-4809 Nec Ave,Östergötlands län,9742-4053,Peru,2022-12-19T20:06:51.382Z,2023-01-02T18:08:31.414Z
401,Nyssa Coffey,1-525-396-3839,amet.nulla@aol.org,Ap #310-1622 Faucibus Road,Ontario,3618,Spain,2023-01-08T18:06:47.373Z,2023-01-13T14:07:51.418Z
402,Whilemina Page,1-512-524-1258,non@icloud.ca,115-8252 Euismod Rd.,Upper Austria,531914,United States,2022-12-09T18:06:03.347Z,2022-12-14T19:06:21.378Z
403,Cassady Wallace,1-554-628-3478,vel.convallis@icloud.couk,2786 Consequat Ave,Liguria,290101,Sweden,2023-01-12T20:06:49.411Z,2023-01-17T04:07:52.473Z
404,Jada Gross,1-955-181-6111,eleifend@aol.ca,"P.O. Box 800, 8159 Dui, Ave",Van,56818,Italy,2023-03-13T02:06:48.397Z,2023-03-23T12:06:58.401Z
405,Michael Walter,1-684-678-2883,dolor.dolor.tempus@yahoo.ca,477-5052 Varius. Avenue,East Region,8306,India,2023-02-12T03:06:05.38Z,2023-02-17T05:06:50.467Z
406,Forrest Pratt,1-301-534-7405,ipsum.ac.mi@yahoo.org,6096 Eu Ave,Cajamarca,59976,Turkey,2023-03-04T22:06:30.361Z,2023-03-16T01:07:50.364Z
407,Brenda Mclean,1-735-498-2482,eget@yahoo.org,873-4196 Parturient Rd.,Niger,241724,Mexico,2023-01-26T05:06:42.35Z,2023-02-05T12:06:52.442Z
408,Amos Brewer,1-743-223-7772,eget@google.com,910-4451 Ullamcorper Avenue,Querétaro,13119,Spain,2023-02-27T09:06:48.336Z,2023-03-05T09:08:06.388Z
409,Gloria Rocha,1-227-665-4335,diam.luctus@icloud.edu,1828 Orci. Rd.,KwaZulu-Natal,A5P 1L5,Australia,2023-02-16T05:05:39.314Z,2023-02-28T11:06:05.344Z
410,Melinda Huff,1-353-468-8258,erat@outlook.net,1547 Dolor. St.,North Jeolla,8673,Peru,2023-01-03T23:06:43.379Z,2023-01-13T05:07:00.435Z
411,Zachery Glover,1-811-872-7651,elit@outlook.org,368-1786 Orci Street,South Australia,43866,Indonesia,2023-01-24T18:05:31.369Z,2023-02-01T16:05:32.396Z
412,Brody Bolton,1-375-338-3124,amet.massa.quisque@outlook.ca,128-1842 Magnis Rd.,Dorset,5207,Indonesia,2022-12-27T17:06:08.314Z,2022-12-28T22:06:19.32Z
413,Ina Johnston,1-138-444-2797,aliquet.molestie.tellus@hotmail.net,161-1889 Venenatis Rd.,Alberta,6904 RJ,United Kingdom,2023-03-12T14:06:58.376Z,2023-03-15T07:08:27.397Z
414,Kasper Howard,1-677-647-2351,felis.donec.tempor@hotmail.net,"P.O. Box 582, 7823 Lectus Avenue",South Gyeongsang,O9S 1A2,South Africa,2023-02-05T11:06:20.341Z,2023-02-10T18:06:23.386Z
415,Cadman Farmer,1-510-586-4927,porttitor.interdum@aol.edu,"P.O. Box 672, 3584 Proin St.",Northern Cape,83-085,Singapore,2023-02-28T18:05:33.395Z,2023-03-08T06:06:30.402Z
416,Oren Berry,1-377-266-2457,hendrerit.id@protonmail.couk,"P.O. Box 634, 9562 Nulla Street",Abruzzo,31537,Canada,2023-01-15T08:05:52.353Z,2023-01-27T00:06:16.42Z
417,Barclay Ryan,1-475-426-4143,tellus.suspendisse.sed@outlook.org,Ap #483-4292 Senectus Street,Henegouwen,56-27,Chile,2023-01-17T13:06:09.321Z,2023-01-26T08:07:39.359Z
418,Teegan French,1-757-762-6473,pharetra@aol.couk,Ap #104-7782 Dapibus St.,Wyoming,85314,Russian Federation,2022-12-09T15:06:43.332Z,2022-12-12T23:07:21.399Z
419,Tobias Cline,1-973-746-2194,eu.elit.nulla@icloud.couk,"P.O. Box 447, 9756 Facilisis Rd.",Puntarenas,48640,China,2023-02-12T02:05:55.407Z,2023-02-15T19:06:04.496Z
420,Shannon Schroeder,1-153-774-2252,dui.nec@protonmail.com,258-1278 Ultrices. Street,Prince Edward Island,23548,France,2023-01-30T10:06:23.375Z,2023-02-06T14:07:27.433Z
421,Kerry Howell,1-785-152-3848,convallis@hotmail.org,Ap #526-1507 Nec Street,Western Australia,50519,China,2023-03-08T05:05:35.35Z,2023-03-20T22:06:27.435Z
422,Allen Crosby,1-438-627-8104,arcu.vivamus@icloud.edu,Ap #531-9213 Donec St.,Vorarlberg,WE1 7EF,Australia,2022-12-07T04:05:50.323Z,2022-12-13T23:06:50.362Z
423,Harlan Rhodes,1-568-838-3179,imperdiet.non@aol.org,937-7427 In Avenue,Ogun,6404,Singapore,2023-01-10T15:06:39.351Z,2023-01-11T21:07:22.438Z
424,Holly Wolf,1-371-759-4835,nunc@protonmail.org,Ap #624-9036 Tempus Av.,Maranhão,516289,Vietnam,2023-02-24T12:05:37.405Z,2023-03-02T17:05:46.483Z
425,Kiona Watts,1-740-335-1660,leo.morbi@hotmail.net,310-4888 Cursus Rd.,Banten,382935,Ireland,2023-02-02T06:06:13.384Z,2023-02-07T20:06:17.438Z
426,Silas Pate,1-861-149-6664,nulla.tempor.augue@outlook.couk,"P.O. Box 551, 5558 Nunc Road",Valparaíso,30814,New Zealand,2023-01-22T09:05:55.402Z,2023-01-29T06:07:35.443Z
427,Zenia Hebert,1-888-143-4386,tincidunt@icloud.com,Ap #655-8232 Nonummy Rd.,Dalarnas län,44-670,Italy,2023-02-05T23:06:40.402Z,2023-02-16T05:07:42.471Z
428,Avram Miles,1-361-369-8402,sed.molestie@icloud.edu,1850 Ut Avenue,Nairnshire,2796,Austria,2022-12-05T06:06:11.347Z,2022-12-14T21:06:28.369Z
429,Timothy Sutton,1-872-486-3820,pede.blandit.congue@protonmail.org,965-9003 Mauris St.,Arizona,34-62,South Africa,2022-12-21T09:06:06.36Z,2022-12-31T03:06:21.45Z
430,Vincent Hines,1-273-534-6295,ipsum.donec.sollicitudin@icloud.couk,Ap #312-2932 Vivamus Rd.,Puno,16104-52431,Russian Federation,2022-12-27T06:06:07.378Z,2023-01-08T11:06:58.384Z
431,Clare Chaney,1-652-307-5542,tincidunt@yahoo.com,9042 Justo Rd.,Sokoto,T8R 6P8,Norway,2022-12-23T16:05:51.385Z,2022-12-30T14:07:00.485Z
432,Madeson Stone,1-249-651-4371,egestas.aliquam@google.org,"Ap #680-8402 Vulputate, Street",Konya,714888,Indonesia,2023-01-29T08:05:53.363Z,2023-02-01T04:05:56.379Z
433,Brody Sweet,1-419-568-5458,morbi.tristique.senectus@icloud.com,Ap #399-6447 Eros St.,West Region,1625,Australia,2023-03-11T15:05:42.352Z,2023-03-20T12:06:14.361Z
434,Rhona Sykes,1-973-515-7133,ac.risus.morbi@aol.net,1007 Ante Ave,Zaporizhzhia oblast,11273,Singapore,2023-03-07T19:05:36.377Z,2023-03-11T10:05:51.472Z
435,Jillian Salazar,1-875-766-9547,at.velit@protonmail.org,718-7759 Parturient St.,Zuid Holland,627072,Poland,2023-01-31T08:06:35.342Z,2023-02-09T21:07:47.365Z
436,Amber Little,1-566-833-1535,cum.sociis.natoque@yahoo.edu,"P.O. Box 732, 5615 Non Street",Tasmania,1268,Mexico,2023-01-23T17:06:38.317Z,2023-01-28T03:06:49.385Z
437,Jerome Kaufman,1-248-613-0427,blandit.nam.nulla@protonmail.org,Ap #564-195 Arcu. St.,Vorarlberg,23725,Spain,2023-01-30T07:06:39.403Z,2023-02-07T06:07:06.462Z
438,Curran Hanson,1-235-612-1847,dui.nec@google.edu,Ap #640-9906 Ridiculus Avenue,Munster,318784,Pakistan,2022-12-11T05:07:00.331Z,2022-12-21T17:07:06.388Z
439,Ignatius Dyer,1-208-258-1327,at.iaculis@icloud.com,Ap #276-7530 Semper Avenue,Dalarnas län,75696,Colombia,2023-01-25T15:05:33.41Z,2023-02-03T03:07:12.477Z
440,Cade Henson,1-608-391-1828,laoreet.ipsum@icloud.com,"Ap #735-4217 Pellentesque, Rd.",Jönköpings län,631662,Singapore,2022-12-28T19:06:19.328Z,2023-01-06T06:07:50.386Z
441,Ivory Clements,1-519-415-1069,volutpat.nulla.dignissim@hotmail.edu,Ap #921-5107 Dis Rd.,Hải Phòng,4441,Peru,2023-03-11T20:05:38.341Z,2023-03-24T22:06:56.44Z
442,Illiana Guerrero,1-446-685-3975,aliquam.gravida.mauris@protonmail.couk,"P.O. Box 565, 2368 Tempus Ave",Pembrokeshire,541363,United States,2023-01-09T07:05:45.33Z,2023-01-22T00:07:09.425Z
443,Malik Brooks,1-262-308-9417,eu.eros.nam@outlook.com,Ap #781-2255 Hymenaeos. Avenue,Podlaskie,65221,United Kingdom,2023-01-03T17:06:46.387Z,2023-01-10T21:07:28.449Z
444,Zephania Kirkland,1-207-952-0745,enim.sit@google.edu,367-8395 Sodales Rd.,Aydın,307129,China,2023-02-14T03:05:53.376Z,2023-02-19T15:06:42.472Z
445,Neville Robinson,1-119-248-5895,nulla.interdum.curabitur@hotmail.ca,Ap #185-9768 Enim St.,Mississippi,8235,Germany,2023-02-05T06:06:43.34Z,2023-02-18T08:07:54.402Z
446,Deanna Kirk,1-837-740-7386,interdum.curabitur@protonmail.org,Ap #955-6201 Tincidunt Rd.,Abruzzo,234578,China,2022-12-07T16:06:29.406Z,2022-12-13T17:06:53.477Z
447,Selma Padilla,1-782-114-9363,amet.luctus@icloud.couk,"8066 Elit, Ave",Oslo,5031,Norway,2022-12-25T07:06:31.377Z,2023-01-04T06:07:45.394Z
448,Christian Livingston,1-777-824-2486,dolor.egestas.rhoncus@google.edu,130-5442 Sociis Av.,Adana,441113,France,2022-12-17T08:05:38.313Z,2022-12-22T00:06:38.379Z
449,Uma Burke,1-478-662-5235,aliquam.arcu.aliquam@google.org,Ap #290-4716 Lacus. St.,Khyber Pakhtoonkhwa,1316,Poland,2023-01-16T16:06:25.347Z,2023-01-21T05:07:32.396Z
450,Paul Spence,1-865-762-1785,arcu@protonmail.net,"P.O. Box 674, 5312 Nisi St.",Västra Götalands län,8076,United States,2023-02-01T02:06:05.32Z,2023-02-02T06:07:27.406Z
451,Lacey Mccarty,1-602-356-8168,sem@yahoo.com,240-9982 Donec Avenue,Hessen,L2 5WO,Pakistan,2022-12-24T13:05:35.362Z,2022-12-28T21:07:14.417Z
452,Cullen Harrell,1-515-516-1762,ac.fermentum@hotmail.org,"P.O. Box 653, 9721 Dapibus St.",Vinnytsia oblast,654155,Costa Rica,2023-01-28T10:06:19.409Z,2023-02-06T23:07:23.469Z
453,Wynne Velez,1-645-761-0608,sit.amet.risus@yahoo.couk,529-9114 Sollicitudin Avenue,Lambayeque,8313,Russian Federation,2023-01-04T16:05:46.346Z,2023-01-09T12:05:57.359Z
454,Signe Sherman,1-883-551-8341,eu.turpis@yahoo.net,Ap #725-1690 Turpis Av.,Mexico City,278598,Poland,2023-01-31T10:05:56.315Z,2023-02-03T13:07:16.33Z
455,Galena Rice,1-519-822-3423,amet.risus.donec@hotmail.couk,"334-9552 Tempus, Road",Île-de-France,58827,Netherlands,2022-12-08T11:07:02.399Z,2022-12-19T04:07:53.495Z
456,Jackson Erickson,1-654-982-8154,purus@outlook.com,847-7691 Augue Rd.,Istanbul,3004-4562,Vietnam,2022-12-31T10:05:55.334Z,2023-01-07T13:07:30.354Z
457,Raja Pickett,1-526-812-1158,maecenas.ornare@icloud.ca,154-5343 Iaculis Rd.,O'Higgins,22927,Vietnam,2023-01-04T11:05:41.41Z,2023-01-09T11:05:47.424Z
458,Hedda Wallace,1-601-268-3488,aliquam.nec@google.net,"P.O. Box 958, 5812 Auctor Avenue",Aydın,XU9J 6QV,Australia,2023-02-17T00:05:29.393Z,2023-02-21T11:05:53.407Z
459,Lacota Keller,1-184-859-4063,malesuada.fringilla@yahoo.edu,221-6877 Ante Rd.,Los Lagos,30901,Belgium,2023-03-12T18:06:09.354Z,2023-03-19T21:06:37.368Z
460,Walter Little,1-394-436-6823,mauris.a@outlook.net,8664 Dolor Rd.,Borno,6887,Chile,2023-01-24T09:06:28.375Z,2023-01-28T05:07:37.44Z
461,James Vaughan,1-151-722-5637,sit@aol.couk,Ap #745-8247 Egestas. Road,Jönköpings län,422377,Ukraine,2023-02-21T10:06:05.316Z,2023-02-28T23:06:58.376Z
462,Jael Banks,1-372-160-3625,litora.torquent@icloud.org,Ap #266-6482 Elit. Road,Vestland,295178,Ireland,2022-12-31T12:06:42.312Z,2023-01-04T15:07:16.401Z
463,Jena Edwards,1-574-820-2245,at.velit@google.edu,999-9529 Maecenas Ave,Noord Holland,272975,Turkey,2023-02-26T20:06:21.391Z,2023-03-07T10:07:53.449Z
464,Ivor Fernandez,1-772-616-7679,orci.ut@yahoo.org,632-6054 Donec Rd.,Queensland,2340-3766,Chile,2023-03-08T01:06:18.374Z,2023-03-13T02:06:35.38Z
465,Genevieve Campbell,1-585-219-6328,arcu.vestibulum@yahoo.ca,3028 Nulla Av.,Lagos,33117857,Costa Rica,2023-02-28T20:07:00.38Z,2023-03-08T09:08:34.445Z
466,Zane Briggs,1-583-282-6883,facilisi.sed@hotmail.ca,"P.O. Box 546, 7096 Vestibulum Road",KwaZulu-Natal,626871,Russian Federation,2023-03-15T00:06:18.327Z,2023-03-25T21:07:47.347Z
467,Jarrod Guzman,1-557-854-2343,ligula.aenean@outlook.edu,300-3788 Blandit Ave,Ancash,686685,Russian Federation,2023-02-25T08:06:21.367Z,2023-02-27T00:07:26.376Z
468,Summer Hickman,1-682-729-6783,semper@google.ca,Ap #537-1288 Felis Avenue,Quảng Ninh,41355,Austria,2023-01-14T06:06:23.338Z,2023-01-23T08:07:41.419Z
469,Henry Merrill,1-475-674-1906,a.facilisis@hotmail.com,2879 Scelerisque Av.,Xīběi,262,Sweden,2022-12-11T05:05:27.333Z,2022-12-15T12:06:44.366Z
470,Violet Greene,1-143-475-7563,commodo@aol.edu,Ap #467-8213 Lectus. Ave,Victoria,11847,South Korea,2023-01-19T15:05:26.38Z,2023-01-28T01:06:35.458Z
471,Perry Dunn,1-764-612-1313,nunc.ullamcorper.eu@aol.net,3329 Magna. Ave,Western Australia,4181,Netherlands,2023-03-05T04:05:37.383Z,2023-03-14T22:05:47.453Z
472,Chloe Whitfield,1-531-715-6754,proin.velit.sed@outlook.edu,360-286 Purus. Ave,East Region,6693,Brazil,2022-12-20T01:06:29.382Z,2022-12-22T04:07:40.43Z
473,Lacey Frederick,1-388-253-7884,felis@icloud.com,823-1183 Ipsum St.,Missouri,58201,Canada,2023-03-04T21:06:00.355Z,2023-03-14T11:07:25.426Z
474,Hammett Francis,1-426-688-5978,pede.sagittis@google.ca,3475 Mollis St.,North Island,688772,Mexico,2022-12-06T22:05:51.368Z,2022-12-17T17:06:49.384Z
475,Ahmed Ball,1-358-634-4163,lobortis.augue@protonmail.com,Ap #295-5273 Malesuada St.,Antwerpen,7762,Ukraine,2023-02-19T11:06:52.328Z,2023-03-02T10:06:55.381Z
476,Mikayla Brennan,1-264-145-1319,sed.consequat@hotmail.ca,Ap #431-2364 Et St.,Saarland,7783,Mexico,2023-01-03T13:06:57.323Z,2023-01-15T11:07:49.357Z
477,Keefe Kent,1-770-345-5120,a@protonmail.com,7967 Diam. Avenue,North Chungcheong,990107,Ukraine,2022-12-13T00:06:04.398Z,2022-12-21T02:06:26.473Z
478,Alana Quinn,1-459-865-6618,porttitor.eros@google.org,Ap #670-1321 Sagittis Ave,Bremen,33783,France,2023-02-04T16:06:34.382Z,2023-02-11T16:08:13.474Z
479,Rina Sanford,1-244-424-2351,lorem.eget@icloud.couk,Ap #523-9728 Lectus St.,Niger,237345,Netherlands,2023-01-01T07:06:16.32Z,2023-01-09T13:06:22.364Z
480,Nevada Hebert,1-575-721-7856,elit@yahoo.org,151-4876 Ante. Ave,La Libertad,18833,Australia,2023-01-04T04:06:52.397Z,2023-01-15T17:08:13.48Z
481,Ria Payne,1-915-778-6286,enim.consequat@protonmail.ca,425-2937 Dictum Ave,Loreto,8867,Germany,2023-01-24T05:07:02.402Z,2023-01-31T20:07:25.465Z
482,Ulla Robertson,1-550-600-6427,ante@outlook.net,Ap #162-6301 Magna Av.,Hậu Giang,94516,Germany,2022-12-24T06:05:48.345Z,2022-12-26T18:06:30.4Z
483,Randall Lane,1-574-754-7274,malesuada.integer@icloud.net,"P.O. Box 898, 2507 Cras St.",Małopolskie,62117-674,Austria,2023-01-04T22:05:52.328Z,2023-01-06T10:07:22.362Z
484,Mariam Rosa,1-219-656-8873,nulla.in@icloud.net,"P.O. Box 646, 4624 Faucibus Street",Maranhão,22854-05317,Belgium,2022-12-11T01:05:38.402Z,2022-12-14T20:05:55.418Z
485,Joel Barber,1-867-786-4625,neque.in@aol.net,Ap #500-4809 Turpis St.,Gilgit Baltistan,41108,Philippines,2023-02-27T11:06:36.341Z,2023-03-10T00:06:52.433Z
486,Hedda Barton,1-119-265-5286,aliquam.ornare@icloud.edu,634-7828 Consequat Street,South Jeolla,26836,Vietnam,2023-01-16T01:06:10.386Z,2023-01-25T23:06:36.45Z
487,Hilary Howe,1-578-307-2781,luctus.et@google.net,5795 Netus St.,Xīběi,7623,Indonesia,2022-12-27T12:06:26.381Z,2023-01-05T15:06:42.46Z
488,Adria Bowers,1-615-516-1643,nec.euismod@protonmail.edu,"340-1739 Adipiscing, Ave",Kostroma Oblast,79377,Nigeria,2023-02-16T13:06:40.409Z,2023-02-24T22:07:25.48Z
489,Thane Gould,1-905-975-8143,nullam.vitae.diam@outlook.org,488-3219 Faucibus Ave,Bahia,88668,Ukraine,2022-12-24T10:06:30.326Z,2023-01-04T15:07:08.37Z
490,Cullen Petersen,1-657-697-8211,egestas.urna.justo@yahoo.couk,416-6422 Bibendum Street,FATA,81681,South Africa,2023-01-13T10:06:41.368Z,2023-01-17T13:07:29.423Z
491,Iris Ellis,1-243-452-5912,enim.etiam.imperdiet@google.couk,"594-2108 Amet, Rd.",Odessa oblast,35-103,United Kingdom,2022-12-26T21:05:56.403Z,2023-01-03T02:06:00.502Z
492,Roth Ferguson,1-834-886-7382,molestie.tortor@outlook.org,"P.O. Box 647, 2403 Arcu Road",Cantabria,8880,Peru,2022-12-07T02:06:46.39Z,2022-12-13T05:07:12.433Z
493,Eagan Hubbard,1-775-361-9718,fringilla.est@icloud.edu,708-2975 Nam Street,Picardie,2825,Italy,2023-01-13T01:06:15.347Z,2023-01-19T01:07:52.349Z
494,Xanthus Mclaughlin,1-811-484-4562,lectus.quis.massa@icloud.org,8822 Eu Street,Bicol Region,13425-59118,Philippines,2022-12-22T15:06:03.407Z,2022-12-29T20:06:36.479Z
495,Amery Calderon,1-886-302-2858,non.dapibus@protonmail.edu,"P.O. Box 652, 3566 Tortor Rd.",Magallanes y Antártica Chilena,14651-417,Netherlands,2023-01-08T01:05:56.407Z,2023-01-17T11:06:58.462Z
496,Mechelle Snow,1-824-976-9612,amet.dapibus.id@aol.edu,1471 Non St.,Vestfold og Telemark,74751-564,France,2023-02-14T15:06:48.346Z,2023-02-23T19:08:16.419Z
497,Haviva Bates,1-515-284-5957,mattis.ornare.lectus@yahoo.net,Ap #396-7298 Aliquet St.,La Libertad,48575,Canada,2022-12-20T01:06:04.397Z,2022-12-23T03:07:28.445Z
498,Emma Nicholson,1-562-422-4361,est.vitae@aol.edu,"P.O. Box 220, 8194 Ligula. St.",Quebec,3822,Norway,2023-03-11T23:06:11.346Z,2023-03-17T07:06:39.415Z
499,Uriah Vaughn,1-975-350-8927,pede.suspendisse.dui@yahoo.org,601-6560 Parturient St.,Sachsen-Anhalt,71135,Indonesia,2023-03-10T19:06:47.368Z,2023-03-18T01:08:22.409Z
500,Marcia Ramirez,1-646-266-1838,in@icloud.edu,7026 Cursus Ave,Andalucía,11651,Colombia,2023-01-04T09:05:55.368Z,2023-01-11T20:06:10.409Z
